FID,FID1,FID_,box,x,y,adj,bearing,sp,number,number_1,Lat,Long
0,0,976,B1,447797,207574,0,350,G,1,SP4779707574,51.764814,-1.3088056
1,1,977,B10,447763,207547,0,40,G,10,SP4776307547,51.764574,-1.309302
2,2,978,B100,447812,207582,0,190,G,100,SP4781207582,51.764885,-1.3085872
3,3,979,B101,447803,207555,0,20,G,101,SP4780307555,51.764643,-1.3087213
4,4,980,B102,447822,207527,40,150,G,102,SP4782207527,51.764389,-1.3084499
5,5,981,B103,447835,207497,40,80,G,103,SP4783507497,51.764119,-1.3082656
6,6,982,B104,447842,207451,330,20,G,104,SP4784207451,51.763704,-1.3081705
7,7,983,B105,447819,207428,330,270,G,105,SP4781907428,51.7635,-1.3085069
8,8,984,B106,447801,207406,330,50,G,106,SP4780107406,51.763303,-1.3087707
9,9,985,B107,447774,207456,130,50,G,107,SP4777407456,51.763755,-1.3091551
10,10,986,B108,447808,207496,190,130,G,108,SP4780807496,51.764112,-1.308657
11,11,987,B109,447799,207515,0,340,G,109,SP4779907515,51.764283,-1.3087848
12,12,988,B11,447749,207574,0,350,G,11,SP4774907574,51.764818,-1.3095011
13,13,989,B110,447774,207568,0,20,G,110,SP4777407568,51.764762,-1.3091397
14,14,990,B111,447750,207601,0,190,G,111,SP4775007601,51.765061,-1.3094829
15,15,991,B112,447767,207642,0,110,G,112,SP4776707642,51.765428,-1.309231
16,16,992,B113,447737,207672,0,60,G,113,SP4773707672,51.7657,-1.3096616
17,17,993,B114,447785,207707,0,60,G,114,SP4778507707,51.766011,-1.3089613
18,18,994,B115,447807,207692,160,120,G,115,SP4780707692,51.765874,-1.3086445
19,19,995,B116,447854,207708,100,150,G,116,SP4785407708,51.766014,-1.3079613
20,20,996,B117,447848,207749,0,160,G,117,SP4784807749,51.766383,-1.3080426
21,21,997,B118,447877,207748,0,350,G,118,SP4787707748,51.766372,-1.3076226
22,22,998,B119,447918,207771,10,300,G,119,SP4791807771,51.766575,-1.3070253
23,23,999,B12,447761,207644,270,300,G,12,SP4776107644,51.765446,-1.3093176
24,24,1000,B121,447973,207793,0,250,G,121,SP4797307793,51.766768,-1.3062254
25,25,1001,B122,447908,207821,30,180,G,122,SP4790807821,51.767025,-1.3071633
26,26,1002,B123,447861,207832,0,220,G,123,SP4786107832,51.767128,-1.3078429
27,27,1003,B124,447838,207801,0,220,G,124,SP4783807801,51.766851,-1.3081804
28,28,1004,B125,447826,207781,0,50,G,125,SP4782607781,51.766673,-1.308357
29,29,1005,B126,447802,207751,0,300,G,126,SP4780207751,51.766405,-1.3087089
30,30,1006,B127,447742,207723,0,250,G,127,SP4774207723,51.766158,-1.3095821
31,31,1007,B128,447732,207686,100,320,G,128,SP4773207686,51.765826,-1.3097321
32,32,1008,B129,447716,207691,180,340,G,129,SP4771607691,51.765873,-1.3099632
33,33,1009,B13,447722,207649,0,10,G,13,SP4772207649,51.765495,-1.309882
34,34,1010,B130,447706,207670,0,40,G,130,SP4770607670,51.765685,-1.310111
35,35,1011,B131,447700,207632,200,220,G,131,SP4770007632,51.765344,-1.3102031
36,36,1012,B133,447692,207565,0,40,G,133,SP4769207565,51.764742,-1.3103282
37,37,1013,B134,447698,207542,0,130,G,134,SP4769807542,51.764535,-1.3102444
38,38,1014,B136,447669,207520,180,220,G,136,SP4766907520,51.764339,-1.3106676
39,39,510,B137,447628,207478,0,320,G,137,SP4762807478,51.763965,-1.3112674
40,40,511,B138,447591,207503,30,220,G,138,SP4759107503,51.764193,-1.3118001
41,41,512,B139,447605,207444,30,340,G,139,SP4760507444,51.763662,-1.3116053
42,42,1015,B14,447779,207684,0,110,G,14,SP4777907684,51.765804,-1.3090513
43,43,513,B140,447545,207427,80,260,G,140,SP4754507427,51.763514,-1.312477
44,44,514,B141,447527,207415,90,60,G,141,SP4752707415,51.763407,-1.3127394
45,45,515,B142,447505,207457,80,250,G,142,SP4750507457,51.763787,-1.3130524
46,46,516,B142A,447516,207446,180,330,G,0,SP4751607446,51.763687,-1.3128946
47,47,517,B143,447535,207474,0,40,G,143,SP4753507474,51.763937,-1.3126155
48,48,518,B144,447506,207486,260,40,G,144,SP4750607486,51.764048,-1.313034
49,49,519,B145,447528,207498,100,80,G,145,SP4752807498,51.764154,-1.3127136
50,50,520,B146,447557,207511,90,70,G,146,SP4755707511,51.764268,-1.3122917
51,51,521,B147,447565,207497,110,290,G,147,SP4756507497,51.764141,-1.3121777
52,52,522,B148,447597,207544,0,280,G,148,SP4759707544,51.764561,-1.3117076
53,53,523,B149,447635,207593,0,260,G,149,SP4763507593,51.764999,-1.3111503
54,54,1016,B15,447812,207659,0,50,G,15,SP4781207659,51.765577,-1.3085766
55,55,524,B150,447612,207618,0,120,G,150,SP4761207618,51.765225,-1.3114801
56,56,525,B151,447646,207635,0,260,G,151,SP4764607635,51.765375,-1.3109852
57,57,526,B152,447592,207644,200,70,G,152,SP4759207644,51.765461,-1.3117664
58,58,527,B153,447548,207643,0,40,G,153,SP4754807643,51.765455,-1.312404
59,59,528,B154,447537,207585,0,230,G,154,SP4753707585,51.764935,-1.3125713
60,60,529,B155,447493,207531,60,220,G,155,SP4749307531,51.764453,-1.3132162
61,61,530,B156,447510,207594,0,230,G,156,SP4751007594,51.765018,-1.3129613
62,62,531,B157,447521,207642,0,150,G,157,SP4752107642,51.765449,-1.3127954
63,63,532,B158,447533,207681,0,220,G,158,SP4753307681,51.765798,-1.3126162
64,64,533,B159,447479,207695,0,140,G,159,SP4747907695,51.765929,-1.3133967
65,65,1017,B16,447830,207727,0,340,G,16,SP4783007727,51.766187,-1.3083065
66,66,534,B160,447456,207670,0,350,G,160,SP4745607670,51.765706,-1.3137334
67,67,535,B161,447431,207646,0,280,G,161,SP4743107646,51.765492,-1.3140989
68,68,536,B162,447426,207601,90,270,G,162,SP4742607601,51.765088,-1.3141775
69,69,537,B163,447470,207579,0,260,G,163,SP4747007579,51.764887,-1.3135429
70,70,538,B164,447439,207560,70,60,G,164,SP4743907560,51.764719,-1.3139947
71,71,539,B165,447458,207520,70,60,G,165,SP4745807520,51.764357,-1.3137248
72,72,540,B166,447461,207499,110,20,G,166,SP4746107499,51.764168,-1.3136842
73,73,541,B168,447497,207428,0,90,G,168,SP4749707428,51.763527,-1.3131723
74,74,542,B169,447516,207381,0,220,G,169,SP4751607381,51.763103,-1.3129034
75,75,543,B170,447557,207398,140,40,G,170,SP4755707398,51.763252,-1.3123071
76,76,544,B170A,447555,207378,140,140,G,0,SP4755507378,51.763072,-1.3123388
77,77,545,B171,447581,207417,0,200,G,171,SP4758107417,51.763421,-1.3119568
78,78,546,B172,447622,207401,60,280,G,172,SP4762207401,51.763274,-1.3113649
79,79,1018,B173,447746,207410,30,50,G,173,SP4774607410,51.763344,-1.3095671
80,80,547,B174,447715,207419,330,240,G,174,SP4771507419,51.763427,-1.310015
81,81,1019,B175,447754,207474,250,220,G,175,SP4775407474,51.763919,-1.3094424
82,82,1020,B176,447669,207669,260,20,G,176,SP4766907669,51.765679,-1.3106472
83,83,1021,B177,447593,207741,290,150,G,177,SP4759307741,51.766333,-1.3117386
84,84,1022,B178,447527,207720,0,350,G,178,SP4752707720,51.76615,-1.3126978
85,85,1023,B179,447450,207767,90,0,G,179,SP4745007767,51.766579,-1.3138071
86,86,1024,B18,447896,207733,0,100,G,18,SP4789607733,51.766235,-1.3073493
87,87,1025,B180,447480,207789,330,160,G,180,SP4748007789,51.766774,-1.3133694
88,88,1026,B181,447525,207794,30,100,G,181,SP4752507794,51.766815,-1.3127167
89,89,1027,B182,447566,207802,160,90,G,182,SP4756607802,51.766883,-1.3121215
90,90,1028,B183,447567,207851,0,340,G,183,SP4756707851,51.767324,-1.3121003
91,91,1029,B184,447609,207850,320,250,G,184,SP4760907850,51.767311,-1.3114919
92,92,1030,B185,447637,207916,0,130,G,185,SP4763707916,51.767902,-1.3110771
93,93,1031,B186,447710,207936,0,210,G,186,SP4771007936,51.768076,-1.3100166
94,94,1032,B187,447750,207960,0,320,G,187,SP4775007960,51.768288,-1.3094337
95,95,1033,B188,447735,207988,0,210,G,188,SP4773507988,51.768541,-1.3096472
96,96,1034,B189,447755,208030,0,80,G,189,SP4775508030,51.768917,-1.3093516
97,97,1035,B190,447787,208095,150,110,G,190,SP4778708095,51.769499,-1.308879
98,98,1036,B191,447744,208051,0,100,G,191,SP4774408051,51.769107,-1.3095082
99,99,1037,B192,447818,208065,150,220,G,192,SP4781808065,51.769227,-1.3084339
100,100,1038,B193,447814,207993,0,240,G,193,SP4781407993,51.76858,-1.3085018
101,101,1039,B194,447876,207961,180,270,G,194,SP4787607961,51.768287,-1.3076078
102,102,1040,B194A,447847,207943,180,340,G,0,SP4784707943,51.768127,-1.3080305
103,103,1041,B195,447789,207915,80,130,G,195,SP4778907915,51.76788,-1.3088747
104,104,1042,B196,447724,207847,0,330,G,196,SP4772407847,51.767275,-1.3098259
105,105,1043,B197,447741,207797,160,130,G,197,SP4774107797,51.766824,-1.3095865
106,106,1044,B198,447687,207768,170,320,G,198,SP4768707768,51.766568,-1.3103729
107,107,1045,B199,447652,207729,330,190,G,199,SP4765207729,51.76622,-1.3108854
108,108,1046,B2,447806,207532,280,190,G,2,SP4780607532,51.764436,-1.308681
109,109,1047,B20,447947,207758,170,340,G,20,SP4794707758,51.766455,-1.3066069
110,110,1048,B200,447682,207731,80,350,G,200,SP4768207731,51.766235,-1.3104504
111,111,1049,B201,447486,207827,160,70,G,201,SP4748607827,51.767115,-1.3132773
112,112,548,B203,447662,207432,0,20,G,203,SP4766207432,51.763549,-1.3107811
113,113,1050,B204,447920,207755,270,90,G,204,SP4792007755,51.766431,-1.3069985
114,114,1051,B205,447878,207725,0,300,G,205,SP4787807725,51.766165,-1.3076112
115,115,549,B206,447434,207667,0,120,G,206,SP4743407667,51.765681,-1.3140526
116,116,1052,B207,447531,207840,160,250,G,207,SP4753107840,51.767228,-1.3126235
117,117,1053,B208,447584,207818,330,310,G,208,SP4758407818,51.767026,-1.3118585
118,118,1054,B21,447973,207765,80,320,G,21,SP4797307765,51.766516,-1.3062292
119,119,550,B211,447603,207705,0,195,G,211,SP4760307705,51.766008,-1.3115986
120,120,1055,B212,447520,207747,0,320,G,212,SP4752007747,51.766393,-1.3127955
121,121,1056,B213,447606,207766,0,350,G,213,SP4760607766,51.766556,-1.3115468
122,122,1057,B214,447609,207799,150,140,G,214,SP4760907799,51.766853,-1.3114988
123,123,1058,B215,447637,207797,160,140,G,215,SP4763707797,51.766832,-1.3110934
124,124,1059,B216,447664,207777,30,260,G,216,SP4766407777,51.76665,-1.3107049
125,125,1060,B217,447752,207833,0,250,G,217,SP4775207833,51.767146,-1.3094221
126,126,1061,B218,447706,207764,30,160,G,218,SP4770607764,51.76653,-1.3100981
127,127,551,B219,447606,207583,0,30,G,219,SP4760607583,51.764911,-1.3115718
128,128,1062,B22,447950,207798,0,250,G,22,SP4795007798,51.766815,-1.3065579
129,129,552,B220,447505,207509,320,330,G,220,SP4750507509,51.764254,-1.3130454
130,130,553,B221,447558,207345,200,230,G,221,SP4755807345,51.762776,-1.3122998
131,131,554,B222,447688,207389,330,320,G,222,SP4768807389,51.76316,-1.3104103
132,132,1063,B223,447712,207511,0,180,G,223,SP4771207511,51.764255,-1.3100458
133,133,1064,B224,447751,207896,0,260,G,224,SP4775107896,51.767713,-1.309428
134,134,1065,B225,447797,207942,240,30,G,225,SP4779707942,51.768122,-1.3087551
135,135,1066,B226,447841,208004,0,320,G,226,SP4784108004,51.768676,-1.308109
136,136,1067,B227,447764,208101,230,10,G,227,SP4776408101,51.769555,-1.3092115
137,137,1068,B228,447920,207884,190,210,G,228,SP4792007884,51.767591,-1.3069808
138,138,1069,B229,447884,207857,320,130,G,229,SP4788407857,51.767351,-1.3075062
139,139,1070,B23,447872,207891,0,70,G,23,SP4787207891,51.767658,-1.3076754
140,140,1071,B24,447851,207819,0,280,G,24,SP4785107819,51.767012,-1.3079895
141,141,1072,B25,447848,207782,0,140,G,25,SP4784807782,51.76668,-1.3080381
142,142,1073,B26,447794,207786,0,300,G,26,SP4779407786,51.76672,-1.30882
143,143,1074,B27,447788,207750,180,100,G,27,SP4778807750,51.766397,-1.3089119
144,144,1075,B28,447746,207697,70,320,G,28,SP4774607697,51.765924,-1.3095277
145,145,1076,B29,447721,207712,0,140,G,29,SP4772107712,51.766061,-1.3098879
146,146,1077,B3,447846,207530,0,210,G,3,SP4784607530,51.764414,-1.3081017
147,147,1078,B30,447700,207702,5,150,G,30,SP4770007702,51.765973,-1.3101936
148,148,1079,B31,447708,207602,200,180,G,31,SP4770807602,51.765073,-1.3100913
149,149,555,B32,447672,207613,180,160,G,32,SP4767207613,51.765175,-1.3106114
150,150,556,B33,447657,207559,230,170,G,33,SP4765707559,51.764691,-1.3108362
151,151,1080,B34,447691,207546,250,0,G,34,SP4769107546,51.764571,-1.3103453
152,152,557,B35,447669,207578,230,340,G,35,SP4766907578,51.764861,-1.3106597
153,153,1081,B36,447688,207516,0,220,G,36,SP4768807516,51.764302,-1.3103929
154,154,558,B37,447627,207505,0,80,G,37,SP4762707505,51.764208,-1.3112782
155,155,559,B38,447614,207497,0,300,G,38,SP4761407497,51.764137,-1.3114677
156,156,560,B39,447590,207474,0,10,G,39,SP4759007474,51.763933,-1.3118186
157,157,1082,B4,447846,207475,270,300,G,4,SP4784607475,51.76392,-1.3081093
158,158,561,B40,447566,207447,0,20,G,40,SP4756607447,51.763692,-1.31217
159,159,562,B42,447522,207413,180,10,G,42,SP4752207413,51.76339,-1.3128121
160,160,563,B43,447568,207481,160,340,G,43,SP4756807481,51.763997,-1.3121364
161,161,564,B44,447530,207487,230,60,G,44,SP4753007487,51.764055,-1.3126861
162,162,565,B45,447522,207499,350,140,G,45,SP4752207499,51.764163,-1.3128004
163,163,566,B46,447553,207562,0,260,G,46,SP4755307562,51.764727,-1.3123426
164,164,567,B47,447548,207504,330,220,G,47,SP4754807504,51.764206,-1.312423
165,165,568,B48,447575,207529,0,240,G,48,SP4757507529,51.764428,-1.3120284
166,166,569,B49,447582,207565,0,50,G,49,SP4758207565,51.764751,-1.311922
167,167,1083,B5,447830,207427,10,340,G,5,SP4783007427,51.76349,-1.3083477
168,168,570,B51,447647,207616,0,120,G,51,SP4764707616,51.765204,-1.3109733
169,169,571,B52,447606,207642,0,320,G,52,SP4760607642,51.765442,-1.3115638
170,170,572,B53,447588,207676,0,50,G,53,SP4758807676,51.765749,-1.3118199
171,171,573,B54,447543,207617,0,320,G,54,SP4754307617,51.765222,-1.31248
172,172,574,B55,447533,207567,0,340,G,55,SP4753307567,51.764773,-1.3126317
173,173,575,B56,447511,207576,0,130,G,56,SP4751107576,51.764856,-1.3129493
174,174,576,B57,447525,207610,0,240,G,57,SP4752507610,51.765161,-1.3127418
175,175,577,B58,447503,207652,200,350,G,58,SP4750307652,51.76554,-1.3130548
176,176,578,B59,447502,207670,0,20,G,59,SP4750207670,51.765702,-1.3130669
177,177,579,B60,447456,207706,0,200,G,60,SP4745607706,51.76603,-1.3137285
178,178,580,B62,447394,207610,90,10,G,62,SP4739407610,51.765172,-1.3146399
179,179,581,B62A,447394,207641,0,250,G,0,SP4739407641,51.765451,-1.3146357
180,180,582,B63,447404,207585,0,160,G,63,SP4740407585,51.764946,-1.3144984
181,181,583,B64,447471,207551,0,270,G,64,SP4747107551,51.764635,-1.3135323
182,182,584,B65,447476,207557,90,20,G,65,SP4747607557,51.764688,-1.313459
183,183,585,B66,447466,207512,100,310,G,66,SP4746607512,51.764285,-1.31361
184,184,586,B67,447466,207470,90,20,G,67,SP4746607470,51.763907,-1.3136157
185,185,587,B68,447483,207456,0,20,G,68,SP4748307456,51.76378,-1.3133713
186,186,588,B69,447524,207366,0,20,G,69,SP4752407366,51.762967,-1.3127896
187,187,1084,B7,447796,207459,60,100,G,7,SP4779607459,51.76378,-1.3088359
188,188,589,B70,447548,207359,100,300,G,70,SP4754807359,51.762902,-1.3124428
189,189,590,B71,447569,207406,0,70,G,71,SP4756907406,51.763323,-1.3121321
190,190,591,B72,447605,207422,0,160,G,72,SP4760507422,51.763464,-1.3116083
191,191,1085,B75,447759,207449,250,300,G,75,SP4775907449,51.763693,-1.3093734
192,192,1086,B76,447678,207684,280,230,G,76,SP4767807684,51.765813,-1.3105148
193,193,1087,B77,447601,207734,0,10,G,77,SP4760107734,51.766269,-1.3116237
194,194,1088,B78,447559,207726,0,300,G,78,SP4755907726,51.766201,-1.3122333
195,195,1089,B79,447444,207759,110,70,G,79,SP4744407759,51.766507,-1.3138951
196,196,1090,B79A,447447,207742,130,120,G,0,SP4744707742,51.766354,-1.313854
197,197,1091,B8,447776,207478,80,310,G,8,SP4777607478,51.763953,-1.3091231
198,198,1092,B80,447447,207774,30,180,G,80,SP4744707774,51.766642,-1.3138496
199,199,1093,B80A,447431,207821,10,190,G,0,SP4743107821,51.767066,-1.3140751
200,200,1094,B81,447517,207787,170,110,G,81,SP4751707787,51.766753,-1.3128336
201,201,1095,B84,447597,207824,40,200,G,84,SP4759707824,51.767079,-1.3116693
202,202,1096,B85,447638,207881,280,95,G,85,SP4763807881,51.767588,-1.3110674
203,203,1097,B86,447684,207912,300,350,G,86,SP4768407912,51.767862,-1.3103966
204,204,1098,B87,447723,207968,0,290,G,87,SP4772307968,51.768363,-1.3098238
205,205,1099,B88,447691,208000,0,230,G,88,SP4769108000,51.768653,-1.3102831
206,206,1100,B89,447776,207983,0,0,G,89,SP4777607983,51.768493,-1.3090538
207,207,1101,B90,447802,208024,0,120,G,90,SP4780208024,51.768859,-1.3086714
208,208,1102,B91,447965,207750,0,320,G,91,SP4796507750,51.766382,-1.3063472
209,209,1103,B92,447929,207741,170,60,G,92,SP4792907741,51.766304,-1.3068701
210,210,1104,B93,447943,207700,30,0,G,93,SP4794307700,51.765934,-1.3066729
211,211,1105,B94,447900,207710,0,210,G,94,SP4790007710,51.766028,-1.3072945
212,212,1106,B95,447882,207675,0,0,G,95,SP4788207675,51.765715,-1.3075602
213,213,1107,B96,447911,207639,310,310,G,96,SP4791107639,51.765389,-1.3071449
214,214,1108,B97,447846,207606,0,60,G,97,SP4784607606,51.765098,-1.3080913
215,215,1109,B98,447889,207611,0,190,G,98,SP4788907611,51.765139,-1.3074675
216,216,1110,B99,447855,207584,90,150,G,99,SP4785507584,51.764899,-1.3079639
217,217,1111,B99A,447869,207556,330,90,G,0,SP4786907556,51.764646,-1.3077649
218,218,335,C1,446340,206938,150,45,G,1,SP4634006938,51.759218,-1.3300011
219,219,336,C10,446147,206623,0,290,G,10,SP4614706623,51.756402,-1.3328389
220,220,337,C101,446314,206941,200,100,G,101,SP4631406941,51.759247,-1.3303774
221,221,338,C102,446318,206905,210,200,G,102,SP4631806905,51.758923,-1.3303242
222,222,339,C103,446341,206849,0,270,G,103,SP4634106849,51.758418,-1.3299985
223,223,340,C104,446288,206830,230,230,G,104,SP4628806830,51.758252,-1.3307688
224,224,341,C105,446269,206789,230,210,G,105,SP4626906789,51.757885,-1.3310495
225,225,342,C106,446230,206721,340,20,G,106,SP4623006721,51.757276,-1.3316235
226,226,343,C107,446222,206700,200,80,G,107,SP4622206700,51.757088,-1.3317422
227,227,344,C108,446256,206654,0,155,G,108,SP4625606654,51.756672,-1.3312558
228,228,345,C109,446101,206668,30,250,G,109,SP4610106668,51.756811,-1.3334994
229,229,346,C11,446215,206612,330,280,G,11,SP4621506612,51.756298,-1.3318553
230,230,347,C110,446166,206678,0,330,G,110,SP4616606678,51.756895,-1.3325564
231,231,348,C111,446227,206594,210,320,G,111,SP4622706594,51.756135,-1.3316839
232,232,349,C112,446254,206597,180,345,G,112,SP4625406597,51.75616,-1.3312923
233,233,350,C113,446283,206576,170,310,G,113,SP4628306576,51.755968,-1.330875
234,234,351,C114,446322,206578,180,20,G,114,SP4632206578,51.755983,-1.3303098
235,235,352,C115,446352,206587,170,220,G,115,SP4635206587,51.756062,-1.329874
236,236,353,C116,446405,206598,180,360,G,116,SP4640506598,51.756156,-1.3291047
237,237,354,C117,446436,206594,180,340,G,117,SP4643606594,51.756118,-1.3286562
238,238,355,C118,446456,206688,240,20,G,118,SP4645606688,51.756961,-1.3283539
239,239,356,C119,446477,206709,190,350,G,119,SP4647706709,51.757148,-1.3280469
240,240,357,C12,446248,206606,60,30,G,12,SP4624806606,51.756241,-1.331378
241,241,358,C120,446435,206740,0,110,G,120,SP4643506740,51.75743,-1.3286512
242,242,359,C121,446444,206707,90,220,G,121,SP4644406707,51.757133,-1.3285252
243,243,360,C122,446454,206742,20,20,G,122,SP4645406742,51.757447,-1.3283757
244,244,361,C123,446457,206804,0,121,G,123,SP4645706804,51.758004,-1.328324
245,245,362,C124,446419,206799,60,110,G,124,SP4641906799,51.757962,-1.3288751
246,246,363,C125,446441,206869,0,360,G,125,SP4644106869,51.75859,-1.3285471
247,247,364,C126,446378,206816,300,150,G,126,SP4637806816,51.758118,-1.3294668
248,248,365,C127,446376,206799,230,115,G,127,SP4637606799,51.757966,-1.3294981
249,249,366,C128,446411,206786,0,20,G,128,SP4641106786,51.757846,-1.3289928
250,250,367,C129,446376,206748,230,180,G,129,SP4637606748,51.757507,-1.3295049
251,251,368,C13,446285,206621,0,30,G,13,SP4628506621,51.756373,-1.33084
252,252,369,C130,446407,206697,0,45,G,130,SP4640706697,51.757046,-1.3290626
253,253,370,C131,446370,206674,290,280,G,131,SP4637006674,51.756842,-1.3296016
254,254,371,C132,446293,206654,0,130,G,132,SP4629306654,51.756669,-1.3307198
255,255,372,C133,446347,206710,0,260,G,133,SP4634706710,51.757168,-1.32993
256,256,373,C134,446306,206736,0,40,G,134,SP4630606736,51.757405,-1.3305205
257,257,374,C135,446398,207009,330,140,G,135,SP4639807009,51.759852,-1.3291514
258,258,375,C136,446431,206942,230,335,G,136,SP4643106942,51.759247,-1.3286822
259,259,376,C137,446449,206896,140,270,G,137,SP4644906896,51.758832,-1.3284276
260,260,377,C138,446476,206955,150,270,G,138,SP4647606955,51.75936,-1.3280286
261,261,378,C139,446468,206985,0,265,G,139,SP4646806985,51.75963,-1.3281405
262,262,379,C14,446309,206620,0,45,G,14,SP4630906620,51.756362,-1.3304925
263,263,380,C140,446458,207000,0,250,G,140,SP4645807000,51.759766,-1.3282833
264,264,381,C141,446454,207042,0,300,G,141,SP4645407042,51.760144,-1.3283357
265,265,382,C143,446551,206990,230,290,G,143,SP4655106990,51.759668,-1.3269373
266,266,383,C144,446598,206984,210,240,G,144,SP4659806984,51.75961,-1.3262572
267,267,384,C145,446611,206967,210,170,G,145,SP4661106967,51.759457,-1.3260711
268,268,385,C146,446629,206935,50,220,G,146,SP4662906935,51.759167,-1.3258146
269,269,386,C147,446622,206928,280,280,G,147,SP4662206928,51.759105,-1.325917
270,270,387,C148,446652,206899,210,200,G,148,SP4665206899,51.758842,-1.3254863
271,271,388,C149,446631,206834,10,200,G,149,SP4663106834,51.758259,-1.3257992
272,272,389,C15,446345,206604,30,330,G,15,SP4634506604,51.756215,-1.3299731
273,273,390,C150,446621,206826,300,360,G,150,SP4662106826,51.758188,-1.3259451
274,274,391,C151,446516,206763,0,60,G,151,SP4651606763,51.75763,-1.3274747
275,275,392,C152,446535,206799,230,200,G,152,SP4653506799,51.757952,-1.3271946
276,276,393,C153,446585,206790,300,345,G,153,SP4658506790,51.757867,-1.3264715
277,277,394,C154,446591,206804,40,300,G,154,SP4659106804,51.757993,-1.3263827
278,278,395,C155,446576,206878,60,260,G,155,SP4657606878,51.758659,-1.3265901
279,279,396,C156,446528,206910,60,75,G,156,SP4652806910,51.758951,-1.3272812
280,280,397,C157,446480,206867,0,120,G,157,SP4648006867,51.758568,-1.3279823
281,281,398,C158,446441,207020,300,70,G,158,SP4644107020,51.759947,-1.328527
282,282,399,C159,446405,207049,200,25,G,159,SP4640507049,51.760211,-1.3290447
283,283,400,C16,446389,206622,230,280,G,16,SP4638906622,51.756373,-1.3293333
284,284,401,C160A,446323,207043,340,340,G,0,SP4632307043,51.760164,-1.3302335
285,285,402,C160B,446353,207073,160,160,G,0,SP4635307073,51.760431,-1.3297948
286,286,403,C161,446247,206871,230,340,G,161,SP4624706871,51.758624,-1.3313574
287,287,404,C162,446211,206826,0,35,G,162,SP4621106826,51.758222,-1.3318849
288,288,405,C163,446174,206771,0,290,G,163,SP4617406771,51.757731,-1.3324282
289,289,406,C17,446430,206610,0,250,G,17,SP4643006610,51.756262,-1.328741
290,290,407,C18,446428,206664,0,135,G,18,SP4642806664,51.756748,-1.3287627
291,291,408,C19,446465,206682,180,80,G,19,SP4646506682,51.756906,-1.3282243
292,292,409,C2,446344,206897,0,110,G,2,SP4634406897,51.758849,-1.3299486
293,293,410,C20,446431,206729,230,55,G,20,SP4643106729,51.757332,-1.3287106
294,294,411,C21,446461,206725,80,300,G,21,SP4646106725,51.757293,-1.3282765
295,295,412,C23,446447,206844,0,275,G,23,SP4644706844,51.758364,-1.3284635
296,296,413,C24,446412,206820,30,85,G,24,SP4641206820,51.758151,-1.3289737
297,297,414,C24A,446377,206876,160,290,G,0,SP4637706876,51.758658,-1.3294733
298,298,415,C24B,446421,206902,330,60,G,0,SP4642106902,51.758888,-1.3288324
299,299,416,C24C,446386,206929,210,280,G,0,SP4638606929,51.759134,-1.3293359
300,300,417,C25,446430,206878,260,200,G,25,SP4643006878,51.758671,-1.3287052
301,301,418,C26,446395,206813,0,165,G,26,SP4639506813,51.75809,-1.329221
302,302,419,C27,446388,206778,230,60,G,27,SP4638806778,51.757776,-1.329327
303,303,420,C28,446414,206756,230,300,G,28,SP4641406756,51.757576,-1.3289533
304,304,421,C29,446387,206716,0,30,G,29,SP4638706716,51.757219,-1.3293498
305,305,422,C3,446329,206857,30,360,G,3,SP4632906857,51.758491,-1.3301713
306,306,423,C30,446388,206687,290,100,G,30,SP4638806687,51.756958,-1.3293391
307,307,424,C31,446371,206658,0,280,G,31,SP4637106658,51.756698,-1.3295893
308,308,425,C32,446323,206658,0,70,G,32,SP4632306658,51.756702,-1.3302846
309,309,426,C33,446314,206693,0,40,G,33,SP4631406693,51.757018,-1.3304104
310,310,427,C34,446320,206760,0,30,G,34,SP4632006760,51.75762,-1.3303145
311,311,428,C34A,446324,206803,0,350,G,0,SP4632406803,51.758006,-1.3302509
312,312,429,C35,446390,206940,30,5,G,35,SP4639006940,51.759232,-1.3292765
313,313,430,C36,446443,206962,0,250,G,36,SP4644306962,51.759426,-1.3285057
314,314,431,C37,446451,206914,0,230,G,37,SP4645106914,51.758993,-1.3283962
315,315,432,C38,446468,206932,0,50,G,38,SP4646806932,51.759154,-1.3281475
316,316,433,C39,446492,206961,60,65,G,39,SP4649206961,51.759412,-1.327796
317,317,434,C3A,446301,206858,230,180,G,0,SP4630106858,51.758502,-1.3305768
318,318,435,C3B,446269,206868,200,200,G,0,SP4626906868,51.758595,-1.331039
319,319,436,C4,446304,206822,60,100,G,4,SP4630406822,51.758178,-1.3305381
320,320,437,C40,446483,206999,10,260,G,40,SP4648306999,51.759755,-1.3279213
321,321,438,C41,446496,207027,30,250,G,41,SP4649607027,51.760006,-1.3277292
322,322,439,C42,446534,207018,30,330,G,42,SP4653407018,51.759921,-1.3271799
323,323,440,C43,446564,207000,30,200,G,43,SP4656407000,51.759757,-1.3267476
324,324,441,C44,446584,206988,250,100,G,44,SP4658406988,51.759648,-1.3264595
325,325,442,C45,446598,206946,280,360,G,45,SP4659806946,51.759269,-1.3262623
326,326,443,C46,446606,206917,230,15,G,46,SP4660606917,51.759007,-1.3261503
327,327,444,C47,446633,206922,180,75,G,47,SP4663306922,51.75905,-1.3257584
328,328,445,C48,446661,206885,0,90,G,48,SP4666106885,51.758715,-1.3253577
329,329,446,C49,446609,206853,30,260,G,49,SP4660906853,51.758432,-1.3261154
330,330,447,C5,446291,206783,0,270,G,5,SP4629106783,51.757829,-1.3307316
331,331,448,C50,446617,206816,140,45,G,50,SP4661706816,51.758099,-1.3260044
332,332,449,C51,446498,206775,230,345,G,51,SP4649806775,51.75774,-1.3277339
333,333,450,C52,446554,206781,0,100,G,52,SP4655406781,51.757789,-1.3269218
334,334,451,C53,446555,206814,280,115,G,53,SP4655506814,51.758086,-1.3269029
335,335,452,C54,446580,206813,0,195,G,54,SP4658006813,51.758075,-1.3265408
336,336,453,C55,446567,206871,160,20,G,55,SP4656706871,51.758597,-1.3267214
337,337,454,C56,446528,206889,150,30,G,56,SP4652806889,51.758762,-1.327284
338,338,455,C57,446488,206893,0,30,G,57,SP4648806893,51.758801,-1.327863
339,339,456,C58,446432,206992,230,230,G,58,SP4643206992,51.759696,-1.3286611
340,340,457,C59,446422,207057,30,100,G,59,SP4642207057,51.760281,-1.3287973
341,341,458,C6,446263,206722,0,350,G,6,SP4626306722,51.757283,-1.3311453
342,342,459,C60,446397,207065,30,150,G,60,SP4639707065,51.760355,-1.3291584
343,343,460,C61,446277,206953,0,50,G,61,SP4627706953,51.759358,-1.3309118
344,344,461,C61A,446303,206993,150,60,G,0,SP4630306993,51.759716,-1.3305299
345,345,462,C62,446256,206911,0,190,G,62,SP4625606911,51.758982,-1.3312217
346,346,463,C63,446224,206927,0,255,G,63,SP4622406927,51.759129,-1.3316831
347,347,464,C7,446248,206687,0,225,G,7,SP4624806687,51.756969,-1.3313673
348,348,465,C8,446240,206638,0,75,G,8,SP4624006638,51.756529,-1.3314897
349,349,466,C9,446110,206645,0,45,G,9,SP4611006645,51.756603,-1.333372
350,350,467,C9A,446141,206712,50,325,G,0,SP4614106712,51.757203,-1.3329141
351,351,0,CP1,446350,209196,0,145,G,1,SP4635009196,51.779518,-1.3295557
352,352,1,CP10,446461,209132,0,120,G,10,SP4646109132,51.778933,-1.3279554
353,353,2,CP100,446340,209309,0,60,B,100,SP4634009309,51.780535,-1.3296856
354,354,3,CP101,446387,209315,0,120,B,101,SP4638709315,51.780585,-1.3290035
355,355,4,CP102,446425,209321,330,155,B,102,SP4642509321,51.780635,-1.3284519
356,356,5,CP103,446485,209320,110,210,B,103,SP4648509320,51.780621,-1.3275824
357,357,6,CP104,446486,209299,150,59,B,104,SP4648609299,51.780433,-1.3275707
358,358,7,CP105,446450,209320,60,255,B,105,SP4645009320,51.780624,-1.3280897
359,359,8,CP106,446531,209295,310,65,B,106,SP4653109295,51.780393,-1.326919
360,360,9,CP107,446540,209278,0,90,B,107,SP4654009278,51.780239,-1.3267908
361,361,10,CP108,446563,209256,100,180,B,108,SP4656309256,51.78004,-1.3264604
362,362,11,CP109,446596,209233,0,90,B,109,SP4659609233,51.77983,-1.3259852
363,363,12,CP11,446392,209101,150,120,G,11,SP4639209101,51.77866,-1.3289596
364,364,13,CP110,446641,209205,100,121,B,110,SP4664109205,51.779575,-1.3253367
365,365,14,CP111,446655,209186,0,61,B,111,SP4665509186,51.779403,-1.3251363
366,366,15,CP112,446694,209178,150,180,B,112,SP4669409178,51.779327,-1.3245722
367,367,16,CP113,446708,209133,220,85,B,113,SP4670809133,51.778922,-1.3243753
368,368,17,CP114,446726,209124,0,100,B,114,SP4672609124,51.778839,-1.3241156
369,369,18,CP115,446772,209092,350,280,B,115,SP4677209092,51.778548,-1.3234532
370,370,19,CP116,446738,209085,160,275,B,116,SP4673809085,51.778488,-1.3239469
371,371,20,CP117,446710,209048,100,345,B,117,SP4671009048,51.778157,-1.3243577
372,372,21,CP118,446660,209071,0,50,B,118,SP4666009071,51.778368,-1.3250793
373,373,22,CP119,446667,209114,0,170,B,119,SP4666709114,51.778754,-1.3249721
374,374,23,CP12,446356,209084,140,50,G,12,SP4635609084,51.77851,-1.3294836
375,375,24,CP120,446661,209163,0,210,B,120,SP4666109163,51.779195,-1.3250525
376,376,25,CP121,446622,209176,0,0,B,121,SP4662209176,51.779315,-1.325616
377,377,26,CP122,446557,209172,170,0,B,122,SP4655709172,51.779285,-1.3265586
378,378,27,CP123,446608,209143,0,80,B,123,SP4660809143,51.77902,-1.3258233
379,379,28,CP124,446603,209108,110,180,B,124,SP4660309108,51.778706,-1.3259005
380,380,29,CP125,446568,209103,180,95,B,125,SP4656809103,51.778664,-1.3264084
381,381,30,CP126,446581,209033,90,310,B,126,SP4658109033,51.778033,-1.3262294
382,382,31,CP127,446527,209132,0,230,B,127,SP4652709132,51.778928,-1.3269988
383,383,32,CP128,446514,209069,0,325,B,128,SP4651409069,51.778362,-1.3271956
384,384,33,CP129,446464,209037,0,205,B,129,SP4646409037,51.778079,-1.3279246
385,385,34,CP13,446310,209079,290,180,G,13,SP4631009079,51.778469,-1.330151
386,386,35,CP130,446442,209098,0,180,B,130,SP4644209098,51.778629,-1.3282353
387,387,36,CP131,446417,209048,0,75,B,131,SP4641709048,51.778182,-1.3286043
388,388,37,CP132,446417,208985,0,300,B,132,SP4641708985,51.777615,-1.3286127
389,389,38,CP133,446377,209004,180,40,B,133,SP4637709004,51.777789,-1.3291899
390,390,39,CP134,446681,208712,90,285,B,134,SP4668108712,51.775139,-1.3248231
391,391,40,CP135,446701,208747,0,245,B,135,SP4670108747,51.775452,-1.3245285
392,392,41,CP136,446755,208745,0,300,B,136,SP4675508745,51.77543,-1.3237462
393,393,42,CP137,446767,208713,0,290,B,137,SP4676708713,51.775141,-1.3235766
394,394,43,CP138,446722,208689,0,85,B,138,SP4672208689,51.774929,-1.324232
395,395,44,CP139,446597,208778,60,0,B,139,SP4659708778,51.775739,-1.3260316
396,396,45,CP14,446309,209044,0,270,G,14,SP4630909044,51.778155,-1.3301702
397,397,46,CP140,446623,208809,330,330,B,140,SP4662308809,51.776016,-1.3256507
398,398,47,CP141,446591,208862,0,205,B,141,SP4659108862,51.776495,-1.3261073
399,399,48,CP142,446564,208824,0,100,B,142,SP4656408824,51.776156,-1.3265037
400,400,49,CP143,446527,208909,0,10,B,143,SP4652708909,51.776923,-1.3270286
401,401,50,CP144,446455,208939,0,150,B,144,SP4645508939,51.777199,-1.3280681
402,402,51,CP145,446389,208936,50,160,B,145,SP4638908936,51.777177,-1.3290251
403,403,52,CP146,446263,209120,160,85,B,146,SP4626309120,51.778842,-1.3308268
404,404,53,CP147,446273,209171,160,115,B,147,SP4627309171,51.779299,-1.330675
405,405,54,CP148,446316,209217,160,180,B,148,SP4631609217,51.779709,-1.3300457
406,406,55,CP149,446369,209116,0,312,B,149,SP4636909116,51.778797,-1.3292909
407,407,56,CP14A,446275,209061,190,260,G,0,SP4627509061,51.77831,-1.3306607
408,408,57,CP15,446368,209034,0,210,G,15,SP4636809034,51.77806,-1.3293164
409,409,58,CP150,446385,209172,160,270,B,150,SP4638509172,51.779299,-1.3290516
410,410,59,CP151,446363,209156,160,330,B,151,SP4636309156,51.779157,-1.3293726
411,411,60,CP152,446417,209187,160,60,B,152,SP4641709187,51.779431,-1.3285858
412,412,61,CP153,446446,209164,160,285,B,153,SP4644609164,51.779222,-1.3281685
413,413,62,CP154,446524,209184,160,235,B,154,SP4652409184,51.779396,-1.3270353
414,414,63,CP155,446489,209200,200,195,B,155,SP4648909200,51.779542,-1.3275405
415,415,64,CP156,446448,209210,160,245,B,156,SP4644809210,51.779636,-1.3281334
416,416,65,CP157,446487,209229,160,265,B,157,SP4648709229,51.779803,-1.3275656
417,417,66,CP158,446572,209198,40,189,B,158,SP4657209198,51.779517,-1.3263377
418,418,67,CP16,446392,209054,0,0,G,16,SP4639209054,51.778238,-1.3289659
419,419,68,CP17,446523,209029,0,45,G,17,SP4652309029,51.778002,-1.3270705
420,420,69,CP18,446459,209074,0,0,G,18,SP4645909074,51.778412,-1.3279921
421,421,70,CP19,446504,208988,0,345,G,19,SP4650408988,51.777635,-1.3273514
422,422,71,CP2,446331,209280,0,90,G,2,SP4633109280,51.780275,-1.3298199
423,423,72,CP20,446475,208954,0,215,G,20,SP4647508954,51.777332,-1.3277762
424,424,73,CP21,446357,208966,0,0,G,21,SP4635708966,51.777449,-1.3294848
425,425,74,CP22,446462,208874,0,20,G,22,SP4646208874,51.776614,-1.3279753
426,426,75,CP23,446483,208903,150,222,G,23,SP4648308903,51.776873,-1.3276671
427,427,76,CP24,446437,208956,90,345,G,24,SP4643708956,51.777353,-1.3283267
428,428,77,CP25,446504,208962,0,210,G,25,SP4650408962,51.777401,-1.3273549
429,429,78,CP26,446557,208981,0,290,G,26,SP4655708981,51.777568,-1.3265842
430,430,79,CP27,446549,208970,0,90,G,27,SP4654908970,51.77747,-1.3267016
431,431,80,CP28,446614,209068,170,200,G,28,SP4661409068,51.778345,-1.3257464
432,432,81,CP29,446615,208951,90,320,G,29,SP4661508951,51.777293,-1.3257476
433,433,82,CP3,446370,209285,0,65,G,3,SP4637009285,51.780316,-1.3292539
434,434,83,CP30,446639,208900,0,220,G,30,SP4663908900,51.776833,-1.3254066
435,435,84,CP31,446600,208930,0,270,G,31,SP4660008930,51.777106,-1.3259678
436,436,85,CP32,446578,208978,0,0,G,32,SP4657808978,51.777539,-1.3262802
437,437,86,CP33,446525,208861,0,260,G,33,SP4652508861,51.776492,-1.327064
438,438,87,CP34,446663,208848,150,315,G,34,SP4666308848,51.776363,-1.3250657
439,439,88,CP35,446634,208809,110,100,G,35,SP4663408809,51.776015,-1.3254912
440,440,89,CP36,446664,208767,0,130,G,36,SP4666408767,51.775635,-1.3250621
441,441,90,CP37,446661,208738,0,335,G,37,SP4666108738,51.775374,-1.3251094
442,442,91,CP38,446895,208525,100,210,G,38,SP4689508525,51.77344,-1.3217469
443,443,92,CP38A,446897,208472,20,10,G,0,SP4689708472,51.772963,-1.321725
444,444,93,CP39,446974,208543,160,125,G,39,SP4697408543,51.773595,-1.3205996
445,445,94,CP4,446433,209285,0,85,G,4,SP4643309285,51.780311,-1.3283408
446,446,95,CP40,447073,208550,0,180,G,40,SP4707308550,51.77365,-1.3191639
447,447,96,CP40A,447115,208508,30,270,G,0,SP4711508508,51.773269,-1.3185609
448,448,97,CP41,447002,208494,160,315,G,41,SP4700208494,51.773152,-1.3202004
449,449,98,CP42A,447065,208490,160,140,G,0,SP4706508490,51.773111,-1.3192879
450,450,99,CP43,446949,208463,0,270,G,43,SP4694908463,51.772878,-1.3209727
451,451,100,CP5,446449,209245,0,355,G,5,SP4644909245,51.77995,-1.3281142
452,452,101,CP5A,446402,209266,0,165,G,0,SP4640209266,51.780143,-1.3287926
453,453,102,CP5B,446400,209231,230,65,G,0,SP4640009231,51.779828,-1.3288263
454,454,103,CP6,446499,209264,0,330,G,6,SP4649909264,51.780117,-1.327387
455,455,104,CP7,446544,209241,0,65,G,7,SP4654409241,51.779906,-1.3267378
456,456,105,CP8,446499,209142,0,175,G,8,SP4649909142,51.77902,-1.3274033
457,457,106,CP9,446486,209113,90,330,G,9,SP4648609113,51.77876,-1.3275956
458,458,772,EX1,445711,208364,0,152,G,1,SP4571108364,51.77209,-1.3389266
459,459,176,EX10,445473,208642,0,160,G,10,SP4547308642,51.774609,-1.3423393
460,460,177,EX100,445994,209215,230,270,B,100,SP4599409215,51.779718,-1.334713
461,461,178,EX101,445894,209200,180,315,B,101,SP4589409200,51.779591,-1.3361644
462,462,179,EX102,445846,209164,0,355,B,102,SP4584609164,51.779272,-1.3368649
463,463,180,EX103,445802,209174,0,40,B,103,SP4580209174,51.779365,-1.3375013
464,464,181,EX104,445795,209149,0,230,B,104,SP4579509149,51.779141,-1.337606
465,465,182,EX105,445765,209150,150,330,B,105,SP4576509150,51.779152,-1.3380407
466,466,183,EX106,445743,209132,180,330,B,106,SP4574309132,51.778992,-1.338362
467,467,184,EX107,445689,209136,180,350,B,107,SP4568909136,51.779033,-1.3391441
468,468,185,EX108,445673,209090,180,95,B,108,SP4567309090,51.77862,-1.339382
469,469,186,EX109,445623,209102,0,5,B,109,SP4562309102,51.778732,-1.3401052
470,470,187,EX10A,445542,208713,160,60,G,0,SP4554208713,51.775242,-1.34133
471,471,188,EX11,445444,208707,0,110,G,11,SP4544408707,51.775196,-1.3427511
472,472,189,EX110,445607,209081,180,310,B,110,SP4560709081,51.778545,-1.3403398
473,473,190,EX111,445557,209091,150,80,B,111,SP4555709091,51.778639,-1.3410632
474,474,191,EX112,445569,209049,180,225,B,112,SP4556909049,51.77826,-1.3408948
475,475,192,EX113,445556,209023,180,290,B,113,SP4555609023,51.778028,-1.3410866
476,476,193,EX114,445509,209030,180,95,B,114,SP4550909030,51.778094,-1.3417669
477,477,194,EX115,445481,209041,180,165,B,115,SP4548109041,51.778195,-1.3421712
478,478,195,EX116,445437,208989,0,315,B,116,SP4543708989,51.777732,-1.3428157
479,479,196,EX117,445396,208995,140,225,B,117,SP4539608995,51.777789,-1.3434092
480,480,197,EX118,445394,208957,0,345,B,118,SP4539408957,51.777447,-1.3434431
481,481,198,EX119,445359,208974,0,245,B,119,SP4535908974,51.777603,-1.3439482
482,482,199,EX12,445406,208765,0,230,G,12,SP4540608765,51.77572,-1.3432943
483,483,200,EX120,445350,208927,160,250,B,120,SP4535008927,51.777181,-1.3440848
484,484,201,EX121,445325,208931,200,260,B,121,SP4532508931,51.777219,-1.3444466
485,485,202,EX122,445289,208932,0,60,B,122,SP4528908932,51.777231,-1.3449682
486,486,203,EX123,445237,208932,0,330,B,123,SP4523708932,51.777235,-1.3457219
487,487,204,EX124,445230,208900,0,30,B,124,SP4523008900,51.776948,-1.3458275
488,488,205,EX125,445203,208876,0,50,B,125,SP4520308876,51.776734,-1.3462219
489,489,206,EX126,445154,208910,40,80,B,126,SP4515408910,51.777044,-1.3469277
490,490,207,EX127,445200,208940,0,200,B,127,SP4520008940,51.77731,-1.3462571
491,491,208,EX12A,445480,208771,30,220,G,0,SP4548008771,51.775768,-1.342221
492,492,209,EX13,445382,208818,0,170,G,13,SP4538208818,51.776199,-1.3436352
493,493,210,EX13A,445305,208757,160,20,G,0,SP4530508757,51.775656,-1.3447591
494,494,211,EX14,445451,208854,0,130,G,14,SP4545108854,51.776517,-1.3426305
495,495,212,EX14A,445559,208790,160,160,G,0,SP4555908790,51.775933,-1.3410736
496,496,213,EX14B,445630,208872,160,180,G,0,SP4563008872,51.776664,-1.3400338
497,497,214,EX15,445523,208907,0,200,G,15,SP4552308907,51.776987,-1.34158
498,498,215,EX16,445612,208973,70,210,G,16,SP4561208973,51.777573,-1.3402815
499,499,216,EX17,445694,208977,0,180,G,17,SP4569408977,51.777603,-1.3390925
500,500,217,EX18,445710,209024,70,70,G,18,SP4571009024,51.778024,-1.3388544
501,501,218,EX18A,445761,208958,180,260,G,0,SP4576108958,51.777426,-1.3381239
502,502,219,EX19,445807,209074,70,130,G,19,SP4580709074,51.778466,-1.337442
503,503,220,EX19A,445815,208993,180,290,G,0,SP4581508993,51.777737,-1.3373367
504,504,773,EX2,445636,208385,0,84,G,2,SP4563608385,51.772285,-1.3400107
505,505,221,EX20,445893,209061,180,300,G,20,SP4589309061,51.778342,-1.3361972
506,506,222,EX21,445992,209123,230,270,G,21,SP4599209123,51.778891,-1.3347542
507,507,223,EX22,446025,209134,180,285,G,22,SP4602509134,51.778987,-1.3342744
508,508,224,EX25,446123,208966,230,230,G,25,SP4612308966,51.777469,-1.3328763
509,509,225,EX26,446155,208950,0,180,G,26,SP4615508950,51.777322,-1.3324146
510,510,226,EX27,446225,208868,60,20,G,27,SP4622508868,51.776579,-1.331411
511,511,227,EX28,446168,208843,60,245,G,28,SP4616808843,51.776359,-1.3322404
512,512,228,EX29,446108,208835,90,305,G,29,SP4610808835,51.776292,-1.333111
513,513,229,EX29A,446020,208790,20,85,G,0,SP4602008790,51.775895,-1.3343924
514,514,774,EX3,445602,208357,90,182,G,3,SP4560208357,51.772036,-1.3405071
515,515,230,EX30,445981,208870,180,190,G,30,SP4598108870,51.776617,-1.334947
516,516,231,EX31,445914,208884,0,200,G,31,SP4591408884,51.776749,-1.3359162
517,517,232,EX31A,445950,208949,160,145,G,0,SP4595008949,51.77733,-1.3353859
518,518,233,EX32,445844,208867,0,90,G,32,SP4584408867,51.776602,-1.336933
519,519,234,EX33,445775,208856,0,150,G,33,SP4577508856,51.776508,-1.3379345
520,520,235,EX34,445711,208854,270,330,G,34,SP4571108854,51.776496,-1.3388623
521,521,236,EX34A,445694,208900,180,200,G,0,SP4569408900,51.77691,-1.3391026
522,522,237,EX35,445687,208805,180,30,G,35,SP4568708805,51.776057,-1.3392165
523,523,238,EX35A,445645,208808,160,125,G,0,SP4564508808,51.776087,-1.3398248
524,524,239,EX36,445626,208772,230,40,G,36,SP4562608772,51.775765,-1.3401049
525,525,240,EX37,445613,208724,90,150,G,37,SP4561308724,51.775335,-1.3402996
526,526,241,EX38,445634,208666,0,120,G,38,SP4563408666,51.774812,-1.3400029
527,527,242,EX38A,445669,208667,160,215,G,0,SP4566908667,51.774818,-1.3394955
528,528,243,EX39,445695,208718,0,55,G,39,SP4569508718,51.775274,-1.339112
529,529,244,EX39A,445861,208762,180,135,G,0,SP4586108762,51.775656,-1.3367004
530,530,245,EX39B,445778,208759,0,125,G,0,SP4577808759,51.775636,-1.3379037
531,531,246,EX39C,445793,208671,180,190,G,0,SP4579308671,51.774844,-1.3376979
532,532,775,EX4,445547,208401,0,107,G,4,SP4554708401,51.772436,-1.3412984
533,533,247,EX40,445730,208661,0,210,G,40,SP4573008661,51.774759,-1.3386123
534,534,248,EX41,445795,208540,0,120,G,41,SP4579508540,51.773666,-1.3376862
535,535,776,EX41A,445755,208463,320,188,G,0,SP4575508463,51.772977,-1.338276
536,536,777,EX41B,445738,208428,210,194,G,0,SP4573808428,51.772663,-1.3385269
537,537,778,EX41C,445761,208407,180,80,G,0,SP4576108407,51.772473,-1.3381964
538,538,249,EX41D,445851,208442,0,350,G,0,SP4585108442,51.77278,-1.3368875
539,539,779,EX41E,445777,208409,30,20,G,0,SP4577708409,51.772489,-1.3379642
540,540,250,EX42,445837,208590,0,260,G,42,SP4583708590,51.774112,-1.3370709
541,541,251,EX42A,445869,208652,180,180,G,0,SP4586908652,51.774667,-1.336599
542,542,252,EX43,445912,208626,0,80,G,43,SP4591208626,51.774429,-1.3359792
543,543,253,EX43A,445873,208522,200,100,G,0,SP4587308522,51.773497,-1.3365581
544,544,254,EX43B,445919,208500,160,345,G,0,SP4591908500,51.773296,-1.3358944
545,545,255,EX43C,445982,208541,180,155,G,0,SP4598208541,51.773659,-1.334976
546,546,256,EX43D,446085,208626,200,250,G,0,SP4608508626,51.774415,-1.3334721
547,547,257,EX43E,446010,208650,180,275,G,0,SP4601008650,51.774637,-1.3345558
548,548,258,EX44,445891,208699,150,210,G,44,SP4589108699,51.775087,-1.336274
549,549,259,EX45,445963,208751,0,120,G,45,SP4596308751,51.775549,-1.3352236
550,550,260,EX46,446031,208757,0,20,G,46,SP4603108757,51.775597,-1.3342373
551,551,261,EX47,446112,208726,0,200,G,47,SP4611208726,51.775312,-1.3330675
552,552,262,EX47A,446150,208759,0,250,G,0,SP4615008759,51.775606,-1.3325124
553,553,263,EX48,446170,208679,0,160,G,48,SP4617008679,51.774885,-1.3322332
554,554,264,EX48A,446179,208738,180,260,G,0,SP4617908738,51.775414,-1.3320949
555,555,265,EX49,446245,208675,0,95,G,49,SP4624508675,51.774842,-1.3311468
556,556,266,EX49A,446155,208633,180,155,G,0,SP4615508633,51.774472,-1.3324567
557,557,267,EX49B,446227,208613,180,170,G,0,SP4622708613,51.774287,-1.3314159
558,558,268,EX49C,446215,208763,180,235,G,0,SP4621508763,51.775636,-1.3315699
559,559,780,EX5,445483,208371,0,64,G,5,SP4548308371,51.772172,-1.3422298
560,560,269,EX50,446308,208687,0,330,G,50,SP4630808687,51.774945,-1.3302321
561,561,270,EX51,446397,208675,0,80,G,51,SP4639708675,51.77483,-1.3289439
562,562,271,EX51A,446381,208781,160,90,G,0,SP4638108781,51.775784,-1.3291617
563,563,272,EX51B,446314,208818,160,130,G,0,SP4631408818,51.776122,-1.3301278
564,564,273,EX51C,446379,208891,160,150,G,0,SP4637908891,51.776773,-1.329176
565,565,274,EX51D,446445,208796,160,220,G,0,SP4644508796,51.775914,-1.3282321
566,566,275,EX52,446477,208705,0,350,G,52,SP4647708705,51.775093,-1.3277805
567,567,276,EX53,446535,208707,0,135,G,53,SP4653508707,51.775106,-1.3269397
568,568,277,EX54,446607,208710,0,200,G,54,SP4660708710,51.775127,-1.3258958
569,569,278,EX55,446634,208664,0,230,G,55,SP4663408664,51.774711,-1.3255107
570,570,279,EX56,446552,208644,0,290,G,56,SP4655208644,51.774538,-1.3267017
571,571,280,EX57,446473,208634,0,175,G,57,SP4647308634,51.774455,-1.327848
572,572,281,EX58,446421,208587,0,280,G,58,SP4642108587,51.774037,-1.3286078
573,573,282,EX59,446392,208566,0,210,G,59,SP4639208566,51.77385,-1.3290309
574,574,781,EX5A,445452,208364,230,280,G,0,SP4545208364,51.772111,-1.34268
575,575,782,EX6,445486,208438,0,64,G,6,SP4548608438,51.772774,-1.3421776
576,576,592,EX60,446331,208518,0,90,G,60,SP4633108518,51.773424,-1.3299213
577,577,593,EX61,446309,208475,0,0,G,61,SP4630908475,51.773039,-1.3302459
578,578,594,EX62,446299,208426,60,180,G,62,SP4629908426,51.772599,-1.3303973
579,579,595,EX62A,446322,208377,160,210,G,0,SP4632208377,51.772157,-1.3300705
580,580,596,EX62B,446330,208318,160,70,G,0,SP4633008318,51.771626,-1.3299624
581,581,597,EX62C,446330,208265,160,280,G,0,SP4633008265,51.771149,-1.3299695
582,582,598,EX62D,446301,208231,150,60,G,0,SP4630108231,51.770846,-1.3303942
583,583,599,EX62E,446326,208123,30,350,G,0,SP4632608123,51.769873,-1.3300463
584,584,600,EX62F,446379,208094,160,230,G,0,SP4637908094,51.769608,-1.3292822
585,585,601,EX62G,446412,208051,180,330,G,0,SP4641208051,51.769219,-1.3288097
586,586,602,EX62H,446455,207991,160,330,G,0,SP4645507991,51.768676,-1.3281946
587,587,603,EX62I,446428,207969,160,320,G,0,SP4642807969,51.76848,-1.3285888
588,588,604,EX63,446234,208385,0,90,G,63,SP4623408385,51.772236,-1.3313447
589,589,605,EX64,446184,208450,0,260,G,64,SP4618408450,51.772825,-1.3320607
590,590,606,EX65,446127,208493,0,160,G,65,SP4612708493,51.773216,-1.332881
591,591,607,EX66,445878,208346,0,80,G,66,SP4587808346,51.771915,-1.3365089
592,592,608,EX67,445956,208361,0,190,G,67,SP4595608361,51.772043,-1.3353766
593,593,609,EX68,445909,208293,0,180,G,68,SP4590908293,51.771436,-1.3360666
594,594,610,EX69,445899,208258,0,350,G,69,SP4589908258,51.771122,-1.3362162
595,595,283,EX7,445561,208503,0,90,G,7,SP4556108503,51.773352,-1.3410822
596,596,611,EX70,445865,208234,0,330,G,70,SP4586508234,51.770909,-1.336712
597,597,612,EX71,445851,208173,180,80,G,71,SP4585108173,51.770362,-1.3369229
598,598,613,EX71A,445808,208199,180,40,G,0,SP4580808199,51.770599,-1.3375426
599,599,614,EX72,445922,208218,0,180,G,72,SP4592208218,51.77076,-1.3358881
600,600,615,EX72A,445912,208189,130,320,G,0,SP4591208189,51.7705,-1.3360369
601,601,616,EX73,445964,208153,0,80,G,73,SP4596408153,51.770173,-1.3352881
602,602,617,EX73A,446031,208128,180,250,G,0,SP4603108128,51.769942,-1.3343205
603,603,618,EX74,445909,208142,180,280,G,74,SP4590908142,51.770078,-1.3360865
604,604,619,EX75,445916,208097,180,280,G,75,SP4591608097,51.769673,-1.335991
605,605,620,EX75A,445885,208059,180,150,G,0,SP4588508059,51.769334,-1.3364453
606,606,621,EX76,445899,207994,150,330,G,76,SP4589907994,51.768748,-1.336251
607,607,622,EX77,445991,207978,0,50,G,77,SP4599107978,51.768597,-1.3349199
608,608,623,EX78,446079,207965,0,350,G,78,SP4607907965,51.768473,-1.3336465
609,609,624,EX79,445837,208290,0,200,G,79,SP4583708290,51.771415,-1.3371104
610,610,284,EX8,445557,208563,0,280,G,8,SP4555708563,51.773892,-1.3411323
611,611,783,EX80,445795,208314,230,315,G,80,SP4579508314,51.771634,-1.3377159
612,612,784,EX81A,445778,208355,340,288,G,0,SP4577808355,51.772004,-1.3379569
613,613,785,EX84,446086,207857,0,244,G,84,SP4608607857,51.767501,-1.3335594
614,614,786,EX85,446042,207842,0,6,G,85,SP4604207842,51.76737,-1.3341989
615,615,787,EX86,446001,207835,0,88,G,86,SP4600107835,51.767311,-1.3347939
616,616,788,EX88,445921,207836,0,152,G,88,SP4592107836,51.767326,-1.335953
617,617,789,EX89,445826,207889,80,242,G,89,SP4582607889,51.76781,-1.3373226
618,618,285,EX8A,445573,208621,160,90,G,0,SP4557308621,51.774412,-1.3408928
619,619,286,EX9,445503,208585,0,280,G,9,SP4550308585,51.774094,-1.341912
620,620,790,EX90,445791,207897,0,36,G,90,SP4579107897,51.767885,-1.3378287
621,621,791,EX91,445759,207905,160,348,G,91,SP4575907905,51.76796,-1.3382913
622,622,792,EX92,445731,207935,0,230,G,92,SP4573107935,51.768232,-1.3386931
623,623,468,HE1,446508,206511,0,216,G,1,SP4650806511,51.755365,-1.3276242
624,624,469,HE2,446574,206477,0,216,G,2,SP4657406477,51.755054,-1.3266727
625,625,470,HE3,446555,206538,0,216,G,3,SP4655506538,51.755604,-1.3269398
626,626,471,HE4,446660,206600,0,216,G,4,SP4666006600,51.756153,-1.3254104
627,627,472,HE5,446669,206750,0,216,G,5,SP4666906750,51.757501,-1.3252599
628,628,1112,MP1,447964,207859,0,50,G,1,SP4796407859,51.767362,-1.3063467
629,629,1113,MP10,448097,207786,0,220,G,10,SP4809707786,51.766694,-1.3044296
630,630,1114,MP11,448091,207764,0,40,G,11,SP4809107764,51.766497,-1.3045196
631,631,1115,MP12,448089,207730,0,150,G,12,SP4808907730,51.766192,-1.3045532
632,632,1116,MP13,448120,207737,0,250,G,13,SP4812007737,51.766252,-1.3041031
633,633,1117,MP14,448153,207734,160,190,G,14,SP4815307734,51.766222,-1.3036253
634,634,1118,MP15,448159,207691,0,170,G,15,SP4815907691,51.765835,-1.3035444
635,635,1119,MP16,448191,207684,150,280,G,16,SP4819107684,51.765769,-1.3030817
636,636,1120,MP17,448200,207659,0,290,G,17,SP4820007659,51.765544,-1.3029547
637,637,1121,MP18,448222,207631,0,200,G,18,SP4822207631,51.76529,-1.3026398
638,638,1122,MP19,448251,207584,0,330,G,19,SP4825107584,51.764865,-1.3022261
639,639,1123,MP2,447996,207861,0,40,G,2,SP4799607861,51.767377,-1.3058827
640,640,1124,MP20,448278,207567,160,100,G,20,SP4827807567,51.76471,-1.3018373
641,641,1125,MP21,448295,207541,150,240,G,21,SP4829507541,51.764475,-1.3015946
642,642,1126,MP22,448335,207502,160,320,G,22,SP4833507502,51.764121,-1.3010204
643,643,1127,MP23,448367,207435,0,30,G,23,SP4836707435,51.763516,-1.3005661
644,644,1128,MP24,448357,207412,100,180,G,24,SP4835707412,51.76331,-1.3007142
645,645,1129,MP25,448398,207422,140,280,G,25,SP4839807422,51.763396,-1.3001187
646,646,1130,MP26,448400,207393,90,240,G,26,SP4840007393,51.763135,-1.3000938
647,647,1131,MP27,448436,207372,0,250,G,27,SP4843607372,51.762943,-1.2995751
648,648,1132,MP28,448401,207377,150,320,G,28,SP4840107377,51.762991,-1.3000815
649,649,1133,MP29,448378,207354,0,140,G,29,SP4837807354,51.762786,-1.300418
650,650,1134,MP3,448027,207879,310,240,G,3,SP4802707879,51.767536,-1.305431
651,651,1135,MP30,448364,207371,90,190,G,30,SP4836407371,51.76294,-1.3006184
652,652,1136,MP31,448369,207322,0,100,G,31,SP4836907322,51.762499,-1.3005528
653,653,1137,MP32,448414,207331,0,320,G,32,SP4841407331,51.762576,-1.2998996
654,654,1138,MP33,448441,207344,0,200,G,33,SP4844107344,51.762691,-1.2995066
655,655,1139,MP34,448489,207296,170,100,G,34,SP4848907296,51.762255,-1.2988178
656,656,1140,MP34A,448458,207303,170,230,G,0,SP4845807303,51.762321,-1.299266
657,657,1141,MP35,448423,207278,0,140,G,35,SP4842307278,51.762099,-1.2997765
658,658,1142,MP36,448373,207289,0,30,G,36,SP4837307289,51.762202,-1.3004994
659,659,1143,MP37,448397,207261,0,150,G,37,SP4839707261,51.761949,-1.3001556
660,660,1144,MP38,448440,207247,0,270,G,38,SP4844007247,51.761819,-1.2995346
661,661,1145,MP39,448482,207256,0,340,G,39,SP4848207256,51.761896,-1.2989248
662,662,1146,MP4,448058,207842,0,310,G,4,SP4805807842,51.767201,-1.304987
663,663,1147,MP40,448518,207254,0,320,G,40,SP4851807254,51.761875,-1.2984035
664,664,1148,MP41,448488,207219,0,110,G,41,SP4848807219,51.761563,-1.298843
665,665,1149,MP42,448448,207211,0,240,G,42,SP4844807211,51.761495,-1.2994237
666,666,1150,MP43,448407,207232,0,160,G,43,SP4840707232,51.761687,-1.3000147
667,667,1151,MP44,448391,207220,0,100,G,44,SP4839107220,51.761581,-1.3002482
668,668,1152,MP45,448410,207161,0,300,G,45,SP4841007161,51.761048,-1.2999812
669,669,1153,MP46,448478,207168,0,320,G,46,SP4847807168,51.761106,-1.298995
670,670,1154,MP47,448511,207194,0,160,G,47,SP4851107194,51.761336,-1.2985133
671,671,1155,MP48,448557,207189,0,10,G,48,SP4855707189,51.761287,-1.2978475
672,672,1156,MP49,448490,207135,0,0,G,49,SP4849007135,51.760808,-1.2988257
673,673,1157,MP5,448032,207831,0,280,G,5,SP4803207831,51.767104,-1.3053652
674,674,1158,MP50,448460,207118,0,110,G,50,SP4846007118,51.760658,-1.2992627
675,675,1159,MP51,448422,207114,0,90,G,51,SP4842207114,51.760625,-1.2998138
676,676,1160,MP52,448470,207075,0,320,G,52,SP4847007075,51.76027,-1.2991238
677,677,1161,MP53,448522,207120,0,130,G,53,SP4852207120,51.76067,-1.2983642
678,678,1162,MP54,448560,207142,0,230,G,54,SP4856007142,51.760865,-1.2978106
679,679,1163,MP55,448595,207100,200,130,G,55,SP4859507100,51.760484,-1.2973094
680,680,1164,MP56,448560,207080,0,20,G,56,SP4856007080,51.760307,-1.2978192
681,681,1165,MP57,448525,207065,0,30,G,57,SP4852507065,51.760175,-1.2983284
682,682,1166,MP58,448489,207050,0,120,G,58,SP4848907050,51.760044,-1.2988521
683,683,1167,MP59,448553,207029,0,220,G,59,SP4855307029,51.759849,-1.2979278
684,684,1168,MP6,448031,207796,0,210,G,6,SP4803107796,51.76679,-1.3053845
685,685,1169,MP60,448602,207043,160,240,G,60,SP4860207043,51.759971,-1.2972159
686,686,1170,MP61,448590,207011,90,230,G,61,SP4859007011,51.759684,-1.2973942
687,687,1171,MP62,448543,206982,0,10,G,62,SP4854306982,51.759428,-1.2980792
688,688,1172,MP63,448568,206971,0,270,G,63,SP4856806971,51.759327,-1.2977185
689,689,1173,MP64,448606,206957,30,140,G,64,SP4860606957,51.759197,-1.29717
690,690,1174,MP65,448603,206930,70,190,G,65,SP4860306930,51.758955,-1.2972172
691,691,1175,MP66,448622,206915,140,340,G,66,SP4862206915,51.758818,-1.296944
692,692,1176,MP67,448467,207030,160,300,G,67,SP4846707030,51.759866,-1.2991736
693,693,1177,MP68,448479,206993,0,230,G,68,SP4847906993,51.759532,-1.2990049
694,694,1178,MP69,448520,206961,0,310,G,69,SP4852006961,51.759241,-1.2984153
695,695,1179,MP7,448038,207768,0,40,G,7,SP4803807768,51.766538,-1.305287
696,696,1180,MP70,448546,206904,0,190,G,70,SP4854606904,51.758726,-1.2980466
697,697,1181,MP71,448537,206879,180,290,G,71,SP4853706879,51.758502,-1.2981805
698,698,1182,MP72,448473,206918,0,170,G,72,SP4847306918,51.758858,-1.2991022
699,699,1183,MP73,448397,206915,0,320,G,73,SP4839706915,51.758838,-1.3002037
700,700,1184,MP74,448312,206941,180,320,G,74,SP4831206941,51.759079,-1.3014315
701,701,1185,MP75,448360,206991,0,210,G,75,SP4836006991,51.759524,-1.3007292
702,702,1186,MP76,448391,207005,40,260,G,76,SP4839107005,51.759648,-1.3002781
703,703,1187,MP77,448384,207043,0,90,G,77,SP4838407043,51.75999,-1.3003742
704,704,1188,MP78,448424,207061,0,330,G,78,SP4842407061,51.760148,-1.2997922
705,705,1189,MP79,448368,207168,0,170,G,79,SP4836807168,51.761115,-1.3005887
706,706,1190,MP8,448053,207812,0,240,G,8,SP4805307812,51.766932,-1.3050635
707,707,1191,MP80,448344,207271,160,290,G,80,SP4834407271,51.762043,-1.3009221
708,708,1192,MP81,448342,207317,160,310,G,81,SP4834207317,51.762457,-1.3009447
709,709,1193,MP82,448335,207374,160,80,G,82,SP4833507374,51.76297,-1.3010382
710,710,1194,MP83,448303,207434,0,50,G,83,SP4830307434,51.763512,-1.3014935
711,711,1195,MP84,448291,207472,0,150,G,84,SP4829107472,51.763855,-1.3016621
712,712,1196,MP85,448280,207504,210,150,G,85,SP4828007504,51.764143,-1.301817
713,713,1197,MP86,448228,207522,0,100,G,86,SP4822807522,51.76431,-1.302568
714,714,1198,MP87,448222,207585,210,40,G,87,SP4822207585,51.764877,-1.3026462
715,715,1199,MP88,448182,207610,210,110,G,88,SP4818207610,51.765105,-1.3032223
716,716,1200,MP89,448097,207649,0,0,G,89,SP4809707649,51.765463,-1.3044485
717,717,1201,MP9,448079,207819,0,220,G,9,SP4807907819,51.766993,-1.3046858
718,718,1202,MP90,448078,207711,0,80,G,90,SP4807807711,51.766022,-1.3047152
719,719,1203,MP91,447956,207915,0,230,G,91,SP4795607915,51.767866,-1.3064549
720,720,1204,MP92,447984,207937,0,60,G,92,SP4798407937,51.768062,-1.3060461
721,721,1205,MP93,448019,207968,0,200,G,93,SP4801907968,51.768337,-1.3055347
722,722,1206,MP94,448025,208017,150,200,G,94,SP4802508017,51.768777,-1.305441
723,723,1207,MP95,447942,207987,0,270,G,95,SP4794207987,51.768515,-1.3066478
724,724,1208,MP96,447926,207924,30,130,G,96,SP4792607924,51.76795,-1.3068883
725,725,625,MP97,447797,207185,310,80,G,97,SP4779707185,51.761317,-1.308859
726,726,626,MP98,447818,207174,190,100,G,98,SP4781807174,51.761216,-1.3085563
727,727,793,O1,445295,208014,0,42,G,1,SP4529508014,51.768977,-1.3450007
728,728,794,O10,445298,208136,0,58,G,10,SP4529808136,51.770074,-1.3449413
729,729,795,O100,445734,207875,0,174,G,100,SP4573407875,51.767692,-1.3386575
730,730,796,O101,445672,207884,200,183,G,101,SP4567207884,51.767778,-1.3395548
731,731,797,O102,445681,207828,200,152,G,102,SP4568107828,51.767274,-1.3394317
732,732,798,O103,445746,207788,30,260,G,103,SP4574607788,51.766909,-1.3384951
733,733,799,O104,445716,207773,30,312,G,104,SP4571607773,51.766776,-1.3389318
734,734,800,O105,445697,207744,330,72,G,105,SP4569707744,51.766517,-1.3392109
735,735,801,O106,445717,207690,40,320,G,106,SP4571707690,51.76603,-1.3389282
736,736,802,O107,445709,207639,200,88,G,107,SP4570907639,51.765572,-1.3390508
737,737,803,O108,445834,207595,350,260,G,108,SP4583407595,51.765167,-1.3372454
738,738,804,O109,445869,207567,80,336,G,109,SP4586907567,51.764912,-1.3367419
739,739,805,O11,445340,208247,0,228,G,11,SP4534008247,51.771068,-1.3443183
740,740,806,O110,445880,207544,210,50,G,110,SP4588007544,51.764704,-1.3365856
741,741,807,O111,445925,207524,210,34,G,111,SP4592507524,51.764521,-1.3359362
742,742,808,O112,445957,207532,330,212,G,112,SP4595707532,51.76459,-1.3354715
743,743,809,O113,445853,207842,210,120,G,113,SP4585307842,51.767386,-1.3369375
744,744,810,O114,445873,207776,200,14,G,114,SP4587307776,51.766791,-1.3366564
745,745,811,O115,445904,207704,320,294,G,115,SP4590407704,51.766141,-1.3362167
746,746,812,O116,446001,207665,160,350,G,116,SP4600107665,51.765782,-1.3348164
747,747,813,O117,446057,207709,160,256,G,117,SP4605707709,51.766173,-1.3339991
748,748,814,O118,446026,207782,160,18,G,118,SP4602607782,51.766832,-1.3344387
749,749,815,O119,446051,207805,160,54,G,119,SP4605107805,51.767037,-1.3340734
750,750,816,O12,445405,208228,0,318,G,12,SP4540508228,51.770892,-1.3433788
751,751,817,O13,445365,208274,220,134,G,13,SP4536508274,51.771309,-1.3439525
752,752,818,O13A,445386,208272,140,284,G,0,SP4538608272,51.771289,-1.3436484
753,753,819,O14,445452,208172,0,114,G,14,SP4545208172,51.770385,-1.342705
754,754,820,O15,445420,208179,210,230,G,15,SP4542008179,51.770451,-1.3431678
755,755,821,O16,445432,208110,200,294,G,16,SP4543208110,51.769829,-1.3430029
756,756,822,O17,445432,208037,180,52,G,17,SP4543208037,51.769173,-1.3430125
757,757,823,O18,445340,207981,0,184,G,18,SP4534007981,51.768677,-1.3443529
758,758,824,O19,445341,208044,0,262,G,19,SP4534108044,51.769243,-1.3443302
759,759,825,O2,445296,208069,0,104,G,2,SP4529608069,51.769472,-1.344979
760,760,826,O20,445343,208099,0,244,G,20,SP4534308099,51.769738,-1.3442941
761,761,827,O201,445201,207782,110,74,B,201,SP4520107782,51.766899,-1.3463929
762,762,828,O202,445220,207800,0,344,B,202,SP4522007800,51.767059,-1.3461153
763,763,829,O203,445222,207823,0,250,B,203,SP4522207823,51.767266,-1.3460833
764,764,830,O204,445200,207765,0,138,B,204,SP4520007765,51.766746,-1.3464096
765,765,831,O205,445238,207770,0,328,B,205,SP4523807770,51.766788,-1.3458583
766,766,832,O206,445228,207749,0,166,B,206,SP4522807749,51.7666,-1.346006
767,767,833,O207,445197,207729,0,76,B,207,SP4519707729,51.766423,-1.3464578
768,768,834,O208,445268,207789,0,14,B,208,SP4526807789,51.766957,-1.3454212
769,769,835,O209,445262,207827,180,134,B,209,SP4526207827,51.767299,-1.3455032
770,770,836,O21,445271,207992,270,165,G,21,SP4527107992,51.768781,-1.3453513
771,771,837,O210,445286,207751,0,358,B,210,SP4528607751,51.766614,-1.3451653
772,772,838,O211,445239,207717,60,240,B,211,SP4523907717,51.766312,-1.3458507
773,773,839,O212,445250,207704,0,236,B,212,SP4525007704,51.766194,-1.345693
774,774,840,O213,445283,207692,180,154,B,213,SP4528307692,51.766083,-1.3452164
775,775,841,O214,445230,207676,0,170,B,214,SP4523007676,51.765944,-1.3459865
776,776,842,O215,445189,207680,0,44,B,215,SP4518907680,51.765983,-1.34658
777,777,843,O216,445273,207665,180,110,B,216,SP4527307665,51.765841,-1.3453648
778,778,844,O217,445248,207646,150,104,B,217,SP4524807646,51.765673,-1.3457296
779,779,845,O218,445211,207639,0,204,B,218,SP4521107639,51.765613,-1.3462666
780,780,846,O219,445182,207632,0,324,B,219,SP4518207632,51.765552,-1.3466877
781,781,847,O22,445239,207975,300,330,G,22,SP4523907975,51.768631,-1.3458172
782,782,848,O220,445191,207594,0,168,B,220,SP4519107594,51.76521,-1.3465622
783,783,849,O221,445258,207618,0,354,B,221,SP4525807618,51.76542,-1.3455883
784,784,850,O222,445255,207587,0,6,B,222,SP4525507587,51.765142,-1.3456358
785,785,851,O223,445298,207600,0,60,B,223,SP4529807600,51.765255,-1.3450111
786,786,852,O224,445294,207559,0,90,B,224,SP4529407559,51.764887,-1.3450743
787,787,853,O225,445307,207503,0,66,B,225,SP4530707503,51.764382,-1.3448933
788,788,854,O226,445326,207646,160,144,B,226,SP4532607646,51.765666,-1.3445994
789,789,855,O227,445347,207617,0,144,B,227,SP4534707617,51.765404,-1.3442989
790,790,856,O228,445328,207603,0,286,B,228,SP4532807603,51.76528,-1.344576
791,791,857,O229,445383,207599,0,78,B,229,SP4538307599,51.765239,-1.3437796
792,792,858,O23,445223,207956,230,280,G,23,SP4522307956,51.768462,-1.3460515
793,793,859,O230,445355,207645,0,98,B,230,SP4535507645,51.765655,-1.3441793
794,794,860,O231,445487,207624,340,44,B,231,SP4548707624,51.765455,-1.3422694
795,795,861,O232,445511,207648,0,126,B,232,SP4551107648,51.765669,-1.3419185
796,796,862,O233,445500,207606,100,284,B,233,SP4550007606,51.765293,-1.3420834
797,797,863,O234,445552,207611,0,136,B,234,SP4555207611,51.765333,-1.3413293
798,798,864,O235,445420,207660,0,280,B,235,SP4542007660,51.765785,-1.3432355
799,799,865,O236,445400,207701,0,170,B,236,SP4540007701,51.766155,-1.34352
800,800,866,O237,445403,207742,0,18,B,237,SP4540307742,51.766523,-1.3434712
801,801,867,O238,445410,207793,0,12,B,238,SP4541007793,51.766981,-1.3433631
802,802,868,O239,445383,207821,0,82,B,239,SP4538307821,51.767235,-1.3437507
803,803,869,O24,445169,207888,60,345,G,24,SP4516907888,51.767855,-1.3468428
804,804,870,O240,445481,207701,0,118,B,240,SP4548107701,51.766148,-1.3423463
805,805,871,O241,445509,207731,0,326,B,241,SP4550907731,51.766416,-1.3419367
806,806,872,O242,445554,207725,0,192,B,242,SP4555407725,51.766358,-1.3412854
807,807,873,O243,445500,208015,10,152,B,243,SP4550008015,51.76897,-1.34203
808,808,874,O244,445525,208034,10,118,B,244,SP4552508034,51.769138,-1.3416652
809,809,875,O245,445543,208083,160,72,B,245,SP4554308083,51.769578,-1.341398
810,810,876,O246,445546,208122,10,280,B,246,SP4554608122,51.769928,-1.3413494
811,811,877,O247,445557,208171,160,182,B,247,SP4555708171,51.770368,-1.3411836
812,812,878,O248,445575,208187,160,136,B,248,SP4557508187,51.77051,-1.3409207
813,813,879,O249,445577,208220,160,166,B,249,SP4557708220,51.770807,-1.3408873
814,814,880,O25,445224,207861,0,206,G,25,SP4522407861,51.767607,-1.3460494
815,815,881,O250,445583,208288,0,50,B,250,SP4558308288,51.771417,-1.3407915
816,816,882,O251,445624,208299,200,180,B,251,SP4562408299,51.771513,-1.3401959
817,817,883,O252,445560,208288,270,114,B,252,SP4556008288,51.771419,-1.3411248
818,818,884,O253,445484,208230,160,132,B,253,SP4548408230,51.770904,-1.3422337
819,819,885,O254,445496,208187,160,194,B,254,SP4549608187,51.770516,-1.3420655
820,820,886,O255,445469,208142,160,178,B,255,SP4546908142,51.770114,-1.3424626
821,821,887,O256,445457,208064,140,6,B,256,SP4545708064,51.769414,-1.3426467
822,822,888,O257,445458,208035,160,272,B,257,SP4545808035,51.769153,-1.342636
823,823,889,O258,445405,207958,20,44,B,258,SP4540507958,51.768465,-1.343414
824,824,890,O259,445569,208103,160,202,B,259,SP4556908103,51.769755,-1.3410186
825,825,891,O26,445162,207858,60,208,G,26,SP4516207858,51.767586,-1.3469482
826,826,892,O260,445595,208139,160,124,B,260,SP4559508139,51.770077,-1.3406371
827,827,893,O261,445619,208182,160,174,B,261,SP4561908182,51.770461,-1.3402837
828,828,894,O27,445125,207882,60,45,G,27,SP4512507882,51.767804,-1.3474812
829,829,895,O27A,445123,207834,60,260,G,0,SP4512307834,51.767373,-1.3475164
830,830,896,O28,445161,207824,60,8,G,28,SP4516107824,51.76728,-1.3469671
831,831,897,O29,445237,208019,230,160,G,29,SP4523708019,51.769027,-1.3458405
832,832,898,O3,445270,208068,200,204,G,3,SP4527008068,51.769465,-1.3453559
833,833,899,O30,445292,207961,210,294,G,30,SP4529207961,51.768501,-1.345051
834,834,900,O30A,445252,207905,180,232,G,0,SP4525207905,51.768001,-1.3456379
835,835,901,O31,445299,207976,60,44,G,31,SP4529907976,51.768635,-1.3449477
836,836,902,O32,445252,207853,0,88,G,32,SP4525207853,51.767533,-1.3456447
837,837,903,O33,445289,207864,0,6,G,33,SP4528907864,51.767629,-1.3451071
838,838,904,O34,445303,207804,270,156,G,34,SP4530307804,51.767089,-1.3449121
839,839,905,O35,445340,207825,0,220,G,35,SP4534007825,51.767274,-1.3443732
840,840,906,O36,445311,207767,150,114,G,36,SP4531107767,51.766755,-1.344801
841,841,907,O37,445345,207762,0,330,G,37,SP4534507762,51.766708,-1.344309
842,842,908,O38,445314,207708,0,80,G,38,SP4531407708,51.766225,-1.3447652
843,843,909,O38A,445297,207657,150,94,G,0,SP4529707657,51.765768,-1.3450181
844,844,910,O38B,445284,207630,140,8,G,0,SP4528407630,51.765526,-1.34521
845,845,911,O39,445497,207826,0,166,G,39,SP4549707826,51.767271,-1.3420981
846,846,912,O4,445229,208070,0,28,G,4,SP4522908070,51.769486,-1.3459498
847,847,913,O40,445463,207851,0,300,G,40,SP4546307851,51.767498,-1.3425875
848,848,914,O41,445460,207818,0,30,G,41,SP4546007818,51.767202,-1.3426353
849,849,915,O42,445424,207886,0,248,G,42,SP4542407886,51.767816,-1.3431481
850,850,916,O43,445378,207910,0,274,G,43,SP4537807910,51.768036,-1.3438115
851,851,917,O44,445381,207932,0,286,G,44,SP4538107932,51.768233,-1.3437652
852,852,918,O45,445345,207887,0,238,G,45,SP4534507887,51.767831,-1.3442927
853,853,919,O46,445335,207898,250,276,G,46,SP4533507898,51.767931,-1.3444362
854,854,920,O47,445309,207949,90,280,G,47,SP4530907949,51.768392,-1.3448063
855,855,921,O48,445471,207554,0,194,G,48,SP4547107554,51.764827,-1.3425104
856,856,922,O49,445433,207555,0,356,G,49,SP4543307555,51.76484,-1.3430608
857,857,923,O5,445177,208064,240,26,G,5,SP4517708064,51.769436,-1.3467041
858,858,924,O50,445432,207611,0,244,G,50,SP4543207611,51.765343,-1.343068
859,859,925,O51,445398,207632,0,332,G,51,SP4539807632,51.765535,-1.3435579
860,860,926,O52,445378,207666,0,34,G,52,SP4537807666,51.765842,-1.3438433
861,861,927,O53,445349,207699,0,226,G,53,SP4534907699,51.766141,-1.3442592
862,862,928,O54,445439,207969,0,240,G,54,SP4543907969,51.768561,-1.3429199
863,863,929,O55,445367,207969,90,88,G,55,SP4536707969,51.768567,-1.3439632
864,864,930,O56,445417,208004,0,6,G,56,SP4541708004,51.768878,-1.3432341
865,865,931,O57,445454,208115,150,270,G,57,SP4545408115,51.769872,-1.3426835
866,866,932,O58,445428,207496,240,140,G,58,SP4542807496,51.764309,-1.343141
867,867,933,O59,445395,207518,0,20,G,59,SP4539507518,51.76451,-1.3436163
868,868,934,O5A,445204,208061,0,113,G,0,SP4520408061,51.769407,-1.3463132
869,869,935,O6,445174,208104,0,306,G,6,SP4517408104,51.769796,-1.3467424
870,870,936,O60,445325,207451,0,126,G,60,SP4532507451,51.763913,-1.3446392
871,871,937,O61,445358,207428,0,46,G,61,SP4535807428,51.763704,-1.3441641
872,872,938,O62,445324,207873,0,32,G,62,SP4532407873,51.767707,-1.3445988
873,873,939,O63,445433,207471,230,38,G,63,SP4543307471,51.764084,-1.3430718
874,874,940,O64,445473,207441,0,60,G,64,SP4547307441,51.763811,-1.3424962
875,875,941,O65,445533,207431,0,104,G,65,SP4553307431,51.763717,-1.3416281
876,876,942,O66,445582,207407,60,218,G,66,SP4558207407,51.763497,-1.3409213
877,877,943,O67,445493,207494,0,197,G,67,SP4549307494,51.764286,-1.3421995
878,878,944,O68,445455,207486,0,316,G,68,SP4545507486,51.764217,-1.3427511
879,879,945,O69,445539,207562,0,20,G,69,SP4553907562,51.764894,-1.3415241
880,880,946,O7,445204,208134,0,152,G,7,SP4520408134,51.770063,-1.3463038
881,881,947,O70,445581,207543,0,284,G,70,SP4558107543,51.76472,-1.340918
882,882,948,O71,445601,207495,0,320,G,71,SP4560107495,51.764286,-1.3406345
883,883,949,O72,445710,207363,90,340,G,72,SP4571007363,51.763091,-1.3390725
884,884,950,O73,445701,207287,210,300,G,73,SP4570107287,51.762408,-1.3392129
885,885,951,O74,445633,207336,90,4,G,74,SP4563307336,51.762854,-1.3401917
886,886,952,O75,445771,207167,180,114,G,75,SP4577107167,51.761324,-1.3382144
887,887,953,O75A,445831,207156,30,26,G,0,SP4583107156,51.76122,-1.3373466
888,888,954,O75B,445871,207128,30,296,G,0,SP4587107128,51.760965,-1.3367708
889,889,955,O75C,445833,207104,330,40,G,0,SP4583307104,51.760752,-1.3373245
890,890,956,O75D,445894,207085,330,294,G,0,SP4589407085,51.760577,-1.3364432
891,891,957,O76,445791,207211,30,146,G,76,SP4579107211,51.761718,-1.3379189
892,892,958,O77,445712,207288,60,46,G,77,SP4571207288,51.762416,-1.3390534
893,893,959,O78,445747,207343,220,180,G,78,SP4574707343,51.762908,-1.338539
894,894,960,O78A,445754,207373,0,90,G,0,SP4575407373,51.763177,-1.3384337
895,895,961,O79,445788,207391,0,252,G,79,SP4578807391,51.763336,-1.3379387
896,896,962,O8,445209,208156,0,36,G,8,SP4520908156,51.770261,-1.3462284
897,897,963,O80,445811,207437,0,206,G,80,SP4581107437,51.763748,-1.3375994
898,898,964,O81,445780,207503,0,308,G,81,SP4578007503,51.764344,-1.3380399
899,899,965,O82,445805,207581,0,186,G,82,SP4580507581,51.765043,-1.3376674
900,900,966,O83,445788,207626,0,346,G,83,SP4578807626,51.765449,-1.3379078
901,901,967,O84,445745,207578,0,137,G,84,SP4574507578,51.765021,-1.3385372
902,902,968,O85,445640,207607,0,196,G,85,SP4564007607,51.76529,-1.3400547
903,903,969,O86,445584,207656,0,340,G,86,SP4558407656,51.765735,-1.3408597
904,904,970,O87,445494,207678,0,2,G,87,SP4549407678,51.76594,-1.3421609
905,905,971,O9,445268,208155,0,260,G,9,SP4526808155,51.770247,-1.3453736
906,906,972,O93,445912,207646,0,150,G,93,SP4591207646,51.765619,-1.3361085
907,907,973,O94,445958,207606,120,312,G,94,SP4595807606,51.765255,-1.3354472
908,908,974,O95,445955,207586,230,106,G,95,SP4595507586,51.765076,-1.3354933
909,909,975,O96,445978,207544,90,154,G,96,SP4597807544,51.764696,-1.3351656
910,910,627,P1,447226,207401,0,340,G,1,SP4722607401,51.763307,-1.3171025
911,911,628,P10,447352,207569,0,120,G,10,SP4735207569,51.764807,-1.315254
912,912,629,P100,447090,207506,200,80,B,100,SP4709007506,51.764262,-1.3190587
913,913,630,P101,447099,207553,0,270,B,101,SP4709907553,51.764684,-1.318922
914,914,631,P102,447049,207463,0,50,B,102,SP4704907463,51.763879,-1.3196586
915,915,632,P103,447024,207438,340,50,B,103,SP4702407438,51.763657,-1.3200242
916,916,633,P104,447103,207401,0,320,B,104,SP4710307401,51.763317,-1.3188846
917,917,634,P105,447121,207367,0,140,B,105,SP4712107367,51.76301,-1.3186284
918,918,635,P106,447170,207355,0,20,B,106,SP4717007355,51.762898,-1.3179201
919,919,636,P107,447185,207396,140,200,B,107,SP4718507396,51.763265,-1.3176972
920,920,637,P108,447169,207449,0,340,B,108,SP4716907449,51.763743,-1.3179218
921,921,638,P109,447156,207507,0,220,B,109,SP4715607507,51.764266,-1.3181023
922,922,639,P11,447292,207557,330,270,G,11,SP4729207557,51.764704,-1.316125
923,923,640,P110,447273,207452,0,200,B,110,SP4727307452,51.763762,-1.3164146
924,924,641,P111,447281,207423,0,320,B,111,SP4728107423,51.7635,-1.3163026
925,925,642,P112,447298,207400,0,240,B,112,SP4729807400,51.763292,-1.3160594
926,926,643,P113,447302,207457,0,10,B,113,SP4730207457,51.763804,-1.3159937
927,927,644,P114,447351,207475,0,30,B,114,SP4735107475,51.763962,-1.3152813
928,928,645,P115,447380,207458,0,320,B,115,SP4738007458,51.763806,-1.3148634
929,929,646,P116,447401,207501,0,10,B,116,SP4740107501,51.764191,-1.3145533
930,930,647,P117,447363,207510,0,10,B,117,SP4736307510,51.764275,-1.3151027
931,931,648,P118,447300,207495,0,20,B,118,SP4730007495,51.764146,-1.3160175
932,932,649,P119,447256,207485,140,70,B,119,SP4725607485,51.76406,-1.3166564
933,933,650,P12,447234,207533,0,110,G,12,SP4723407533,51.764493,-1.3169686
934,934,651,P120,447339,207515,0,340,B,120,SP4733907515,51.764322,-1.3154497
935,935,652,P121,447326,207584,0,270,B,121,SP4732607584,51.764944,-1.3156287
936,936,653,P122,447269,207607,0,90,B,122,SP4726907607,51.765155,-1.3164515
937,937,654,P123,447218,207606,0,0,B,123,SP4721807606,51.765151,-1.3171906
938,938,655,P124,447254,207641,0,10,B,124,SP4725407641,51.765462,-1.3166642
939,939,656,P125,447306,207623,0,10,B,125,SP4730607623,51.765296,-1.3159132
940,940,657,P126,447352,207627,0,260,B,126,SP4735207627,51.765328,-1.3152461
941,941,658,P13,447236,207463,160,60,G,13,SP4723607463,51.763864,-1.3169492
942,942,659,P14,447153,207569,240,160,G,14,SP4715307569,51.764824,-1.3181374
943,943,660,P15,447105,207602,30,60,G,15,SP4710507602,51.765124,-1.3188284
944,944,661,P16,447070,207627,30,140,G,16,SP4707007627,51.765352,-1.3193322
945,945,662,P17,447006,207612,30,80,G,17,SP4700607612,51.765222,-1.3202615
946,946,663,P18,446946,207594,150,10,G,18,SP4694607594,51.765066,-1.3211333
947,947,664,P19,446914,207610,60,50,G,19,SP4691407610,51.765212,-1.3215948
948,948,665,P2,447207,207496,0,160,G,2,SP4720707496,51.764163,-1.3173649
949,949,666,P20,446835,207588,70,140,G,20,SP4683507588,51.765021,-1.3227424
950,950,667,P21,446767,207550,330,220,G,21,SP4676707550,51.764685,-1.3237328
951,951,668,P22,446823,207540,150,190,G,22,SP4682307540,51.76459,-1.3229227
952,952,669,P23,446911,207516,150,150,G,23,SP4691107516,51.764367,-1.3216509
953,953,670,P24,446997,207497,180,240,G,24,SP4699707497,51.764189,-1.3204074
954,954,671,P3,447167,207552,0,310,G,3,SP4716707552,51.76467,-1.3179368
955,955,672,P4,447188,207600,160,160,G,4,SP4718807600,51.765099,-1.3176261
956,956,673,P5,447227,207657,210,120,G,5,SP4722707657,51.765608,-1.3170532
957,957,674,P6,447223,207764,60,30,G,6,SP4722307764,51.766571,-1.3170967
958,958,675,P7,447254,207743,60,30,G,7,SP4725407743,51.766379,-1.3166504
959,959,676,P8,447288,207789,0,220,G,8,SP4728807789,51.76679,-1.3161515
960,960,677,P9,447314,207803,60,230,G,9,SP4731407803,51.766914,-1.3157728
961,961,678,SW1,446202,207911,110,330,G,1,SP4620207911,51.767977,-1.3318713
962,962,679,SW10,446318,207681,0,260,G,10,SP4631807681,51.7659,-1.3302211
963,963,473,SW101,446187,207226,30,216,G,101,SP4618707226,51.76182,-1.3321795
964,964,474,SW101A,446196,207193,30,216,G,0,SP4619607193,51.761523,-1.3320535
965,965,475,SW102,446220,207170,30,216,G,102,SP4622007170,51.761314,-1.3317088
966,966,476,SW103,446179,207148,30,216,G,103,SP4617907148,51.76112,-1.3323058
967,967,477,SW104,446208,207102,160,216,G,104,SP4620807102,51.760704,-1.3318917
968,968,478,SW104A,446212,207124,40,216,G,0,SP4621207124,51.760901,-1.3318309
969,969,479,SW105,446199,207047,160,216,G,105,SP4619907047,51.76021,-1.3320294
970,970,480,SW106,446160,207048,160,216,G,106,SP4616007048,51.760222,-1.3325943
971,971,481,SW107,446138,207050,200,216,G,107,SP4613807050,51.760242,-1.3329128
972,972,482,SW108,446096,207116,0,216,G,108,SP4609607116,51.760839,-1.3335125
973,973,483,SW109,446096,207151,160,216,G,109,SP4609607151,51.761153,-1.3335079
974,974,484,SW109A,446136,207132,160,216,G,0,SP4613607132,51.760979,-1.3329309
975,975,680,SW11,446322,207640,230,260,G,11,SP4632207640,51.765531,-1.3301685
976,976,485,SW110,446074,207166,210,216,G,110,SP4607407166,51.76129,-1.3338247
977,977,486,SW111,445998,207149,160,216,G,111,SP4599807149,51.761143,-1.334928
978,978,487,SW112,445938,207160,240,216,G,112,SP4593807160,51.761247,-1.3357958
979,979,488,SW113,446006,207196,30,216,G,113,SP4600607196,51.761565,-1.3348059
980,980,489,SW114,446053,207205,350,216,G,114,SP4605307205,51.761642,-1.3341237
981,981,490,SW115,446077,207219,30,216,G,115,SP4607707219,51.761766,-1.3337742
982,982,491,SW116,446054,207258,210,216,G,116,SP4605407258,51.762119,-1.3341023
983,983,492,SW117,446081,207294,160,216,G,117,SP4608107294,51.76244,-1.3337063
984,984,493,SW118,446052,207310,210,216,G,118,SP4605207310,51.762586,-1.3341244
985,985,494,SW119,446065,207349,160,216,G,119,SP4606507349,51.762936,-1.3339308
986,986,681,SW12,446325,207598,0,340,G,12,SP4632507598,51.765153,-1.3301307
987,987,495,SW120,446049,207370,30,216,G,120,SP4604907370,51.763126,-1.3341599
988,988,496,SW121,446035,207358,200,216,G,121,SP4603507358,51.763019,-1.3343643
989,989,497,SW122,445975,207429,0,216,G,122,SP4597507429,51.763663,-1.3352243
990,990,498,SW123,445980,207450,0,216,G,123,SP4598007450,51.763851,-1.3351491
991,991,499,SW124,445999,207472,0,216,G,124,SP4599907472,51.764047,-1.3348709
992,992,500,SW125,446013,207509,0,216,G,125,SP4601307509,51.764379,-1.3346631
993,993,501,SW126,446067,207515,0,216,G,126,SP4606707515,51.764428,-1.3338799
994,994,502,SW127,446100,207537,160,216,G,127,SP4610007537,51.764623,-1.3333989
995,995,503,SW128,446154,207556,160,216,G,128,SP4615407556,51.76479,-1.3326139
996,996,504,SW129,446172,207564,340,216,G,129,SP4617207564,51.76486,-1.3323521
997,997,682,SW13,446304,207573,0,130,G,13,SP4630407573,51.76493,-1.3304383
998,998,505,SW130,446195,207552,160,216,G,130,SP4619507552,51.76475,-1.3320204
999,999,506,SW131,446202,207595,160,216,G,131,SP4620207595,51.765136,-1.3319133
1000,1000,507,SW132,446225,207621,160,216,G,132,SP4622507621,51.765368,-1.3315766
1001,1001,508,SW133,446261,207582,160,216,G,133,SP4626107582,51.765015,-1.3310601
1002,1002,509,SW134,446238,207656,160,216,G,134,SP4623807656,51.765682,-1.3313835
1003,1003,683,SW14,446269,207543,0,70,G,14,SP4626907543,51.764663,-1.3309494
1004,1004,684,SW15,446239,207502,330,320,G,15,SP4623907502,51.764297,-1.3313895
1005,1005,685,SW16,446260,207486,0,200,G,16,SP4626007486,51.764152,-1.3310874
1006,1006,686,SW17,446303,207522,0,90,G,17,SP4630307522,51.764472,-1.3304595
1007,1007,687,SW18,446358,207530,0,150,G,18,SP4635807530,51.764539,-1.3296616
1008,1008,688,SW19,446366,207553,0,100,G,19,SP4636607553,51.764745,-1.3295426
1009,1009,689,SW2,446216,207872,250,90,G,2,SP4621607872,51.767626,-1.3316736
1010,1010,690,SW20,446401,207578,160,250,G,20,SP4640107578,51.764967,-1.3290321
1011,1011,691,SW21,446420,207586,30,0,G,21,SP4642007586,51.765037,-1.3287558
1012,1012,692,SW22,446461,207595,150,340,G,22,SP4646107595,51.765115,-1.3281605
1013,1013,693,SW23,446500,207603,250,250,G,23,SP4650007603,51.765184,-1.3275944
1014,1014,694,SW24,446523,207555,160,160,G,24,SP4652307555,51.76475,-1.3272675
1015,1015,695,SW25,446550,207531,0,330,G,25,SP4655007531,51.764532,-1.3268795
1016,1016,696,SW26,446443,207551,0,180,G,26,SP4644307551,51.764721,-1.3284272
1017,1017,697,SW27,446425,207513,0,90,G,27,SP4642507513,51.764381,-1.3286931
1018,1018,698,SW28,446452,207485,0,140,G,28,SP4645207485,51.764127,-1.3283056
1019,1019,699,SW29,446468,207456,0,260,G,29,SP4646807456,51.763865,-1.3280776
1020,1020,700,SW3,446241,207877,0,40,G,3,SP4624107877,51.767668,-1.3313107
1021,1021,701,SW30,446515,207464,0,180,G,30,SP4651507464,51.763933,-1.3273956
1022,1022,702,SW31,446510,207428,0,320,G,31,SP4651007428,51.76361,-1.3274728
1023,1023,703,SW32,446283,207229,40,0,G,32,SP4628307229,51.761839,-1.3307883
1024,1024,704,SW33,446328,207281,200,0,G,33,SP4632807281,51.762303,-1.3301294
1025,1025,705,SW34,446359,207329,230,110,G,34,SP4635907329,51.762732,-1.3296738
1026,1026,706,SW35,446381,207367,330,70,G,35,SP4638107367,51.763072,-1.32935
1027,1027,707,SW36,446424,207402,0,220,G,36,SP4642407402,51.763383,-1.3287223
1028,1028,708,SW37,446460,207369,100,300,G,37,SP4646007369,51.763083,-1.3282051
1029,1029,709,SW38,446503,207382,90,220,G,38,SP4650307382,51.763197,-1.3275804
1030,1030,710,SW39,446571,207394,140,30,G,39,SP4657107394,51.763299,-1.3265936
1031,1031,711,SW4,446274,207846,0,20,G,4,SP4627407846,51.767387,-1.3308367
1032,1032,712,SW40,446601,207390,140,30,G,40,SP4660107390,51.76326,-1.3261594
1033,1033,713,SW41,446596,207436,0,200,G,41,SP4659607436,51.763674,-1.3262257
1034,1034,714,SW42,446590,207469,0,130,G,42,SP4659007469,51.763972,-1.3263082
1035,1035,715,SW43,446607,207530,0,110,G,43,SP4660707530,51.764519,-1.3260538
1036,1036,716,SW44,446666,207532,180,70,G,44,SP4666607532,51.764532,-1.3251986
1037,1037,717,SW45,446699,207484,130,300,G,45,SP4669907484,51.764097,-1.3247269
1038,1038,718,SW46,446668,207456,0,210,G,46,SP4666807456,51.763848,-1.3251798
1039,1039,719,SW47,446646,207424,0,165,G,47,SP4664607424,51.763562,-1.3255029
1040,1040,720,SW48,446628,207377,20,340,G,48,SP4662807377,51.763141,-1.32577
1041,1041,721,SW49,446666,207377,310,70,G,49,SP4666607377,51.763138,-1.3252194
1042,1042,722,SW49A,446674,207370,150,310,G,0,SP4667407370,51.763074,-1.3251044
1043,1043,723,SW5,446321,207891,160,180,G,5,SP4632107891,51.767788,-1.3301496
1044,1044,724,SW50,446720,207437,230,50,G,50,SP4672007437,51.763673,-1.324429
1045,1045,725,SW51,446734,207471,130,180,G,51,SP4673407471,51.763978,-1.3242215
1046,1046,726,SW52,446742,207422,0,150,G,52,SP4674207422,51.763536,-1.3241122
1047,1047,727,SW53,446714,207380,0,240,G,53,SP4671407380,51.763161,-1.3245235
1048,1048,728,SW54,446789,207360,0,0,G,54,SP4678907360,51.762975,-1.3234396
1049,1049,729,SW55,446791,207401,160,130,G,55,SP4679107401,51.763343,-1.3234051
1050,1050,730,SW56,446817,207437,150,180,G,56,SP4681707437,51.763665,-1.3230235
1051,1051,731,SW57,446878,207438,0,90,G,57,SP4687807438,51.763669,-1.3221396
1052,1052,732,SW58,446859,207385,0,180,G,58,SP4685907385,51.763194,-1.322422
1053,1053,733,SW59,446847,207338,0,0,G,59,SP4684707338,51.762772,-1.3226022
1054,1054,734,SW6,446327,207837,160,180,G,6,SP4632707837,51.767302,-1.3300699
1055,1055,735,SW60,446894,207301,340,140,G,60,SP4689407301,51.762436,-1.3219262
1056,1056,736,SW61,446890,207349,0,20,G,61,SP4689007349,51.762868,-1.3219777
1057,1057,737,SW61A,446964,207330,0,290,G,0,SP4696407330,51.762691,-1.3209081
1058,1058,738,SW62,446899,207379,0,200,G,62,SP4689907379,51.763137,-1.3218432
1059,1059,739,SW63,446960,207395,0,30,G,63,SP4696007395,51.763275,-1.3209573
1060,1060,740,SW64,447007,207380,0,270,G,64,SP4700707380,51.763137,-1.3202783
1061,1061,741,SW65,447015,207353,0,130,G,65,SP4701507353,51.762893,-1.3201661
1062,1062,742,SW66,446954,207289,0,310,G,66,SP4695407289,51.762323,-1.3210585
1063,1063,743,SW67,446997,207306,0,280,G,67,SP4699707306,51.762472,-1.3204332
1064,1064,744,SW68,447039,207297,320,20,G,68,SP4703907297,51.762388,-1.3198259
1065,1065,745,SW69,447057,207347,0,230,G,69,SP4705707347,51.762836,-1.3195584
1066,1066,746,SW7,446331,207802,150,180,G,7,SP4633107802,51.766987,-1.3300166
1067,1067,747,SW70,447032,207398,150,180,G,70,SP4703207398,51.763296,-1.3199137
1068,1068,748,SW71,447051,207419,270,300,G,71,SP4705107419,51.763484,-1.3196356
1069,1069,749,SW72,447082,207382,180,130,G,72,SP4708207382,51.763148,-1.3191914
1070,1070,750,SW73,447094,207299,340,330,G,73,SP4709407299,51.762401,-1.3190288
1071,1071,751,SW74,447143,207299,30,50,G,74,SP4714307299,51.762397,-1.3183188
1072,1072,752,SW75,447124,207331,230,150,G,75,SP4712407331,51.762686,-1.3185898
1073,1073,753,SW76,447158,207353,250,110,G,76,SP4715807353,51.762881,-1.3180942
1074,1074,754,SW77,447192,207300,0,330,G,77,SP4719207300,51.762402,-1.3176088
1075,1075,755,SW78,447192,207354,160,60,G,78,SP4719207354,51.762887,-1.3176014
1076,1076,756,SW79,447232,207359,0,20,G,79,SP4723207359,51.762929,-1.3170212
1077,1077,757,SW8,446281,207775,230,240,G,8,SP4628107775,51.766748,-1.3307447
1078,1078,758,SW80,447250,207306,150,60,G,80,SP4725007306,51.762451,-1.3167676
1079,1079,759,SW80A,447326,207327,180,120,G,0,SP4732607327,51.762633,-1.3156636
1080,1080,760,SW81,447280,207373,0,170,G,81,SP4728007373,51.763051,-1.3163239
1081,1081,761,SW82,447327,207377,0,290,G,82,SP4732707377,51.763083,-1.3156423
1082,1082,762,SW83,447438,207317,0,330,G,83,SP4743807317,51.762534,-1.3140423
1083,1083,763,SW84,447398,207336,60,350,G,84,SP4739807336,51.762708,-1.3146192
1084,1084,764,SW84A,447375,207310,180,120,G,0,SP4737507310,51.762476,-1.314956
1085,1085,765,SW85,447385,207378,0,270,G,85,SP4738507378,51.763087,-1.3148019
1086,1086,766,SW86,447401,207320,0,320,G,86,SP4740107320,51.762564,-1.3145779
1087,1087,767,SW87,447421,207387,0,270,G,87,SP4742107387,51.763165,-1.314279
1088,1088,768,SW88,447468,207293,0,100,G,88,SP4746807293,51.762316,-1.3136109
1089,1089,769,SW89,447452,207362,0,290,G,89,SP4745207362,51.762937,-1.3138333
1090,1090,770,SW9,446338,207738,0,320,G,9,SP4633807738,51.766411,-1.3299237
1091,1091,771,SW90,447512,207310,0,260,G,90,SP4751207310,51.762465,-1.3129711
1092,1092,107,W1,446222,209089,0,235,G,1,SP4622209089,51.778566,-1.3314251
1093,1093,108,W10,446093,209132,0,270,G,10,SP4609309132,51.778964,-1.3332891
1094,1094,287,W100,445358,209040,340,350,G,100,SP4535809040,51.778196,-1.3439541
1095,1095,288,W101,445335,209004,70,170,G,101,SP4533509004,51.777875,-1.3442921
1096,1096,289,W102,445323,209041,0,110,G,102,SP4532309041,51.778208,-1.3444612
1097,1097,290,W103,445304,209033,130,110,G,103,SP4530409033,51.778138,-1.3447377
1098,1098,291,W103A,445294,209016,140,50,G,0,SP4529409016,51.777986,-1.3448848
1099,1099,292,W104,445273,208999,150,220,G,104,SP4527308999,51.777835,-1.3451914
1100,1100,293,W105,445237,208994,30,180,G,105,SP4523708994,51.777793,-1.3457138
1101,1101,109,W11,446051,209147,90,180,G,11,SP4605109147,51.779102,-1.3338959
1102,1102,110,W12,446105,209158,30,175,G,12,SP4610509158,51.779196,-1.3331117
1103,1103,111,W13,446119,209149,0,175,G,13,SP4611909149,51.779114,-1.33291
1104,1104,112,W14,446247,209274,200,315,G,14,SP4624709274,51.780228,-1.3310382
1105,1105,113,W15,446267,209331,200,285,G,15,SP4626709331,51.780738,-1.3307407
1106,1106,114,W16,446212,209363,0,160,G,16,SP4621209363,51.781031,-1.3315337
1107,1107,115,W17,446242,209396,0,255,G,17,SP4624209396,51.781325,-1.3310944
1108,1108,116,W18,446247,209437,0,310,G,18,SP4624709437,51.781693,-1.3310165
1109,1109,117,W19,446231,209498,0,180,G,19,SP4623109498,51.782243,-1.3312403
1110,1110,118,W2,446202,209112,0,350,G,2,SP4620209112,51.778775,-1.3317119
1111,1111,119,W20,446229,209535,0,315,G,20,SP4622909535,51.782576,-1.3312644
1112,1112,294,W200,445289,209037,0,185,B,200,SP4528909037,51.778175,-1.3449545
1113,1113,295,W201,445347,209086,0,180,B,201,SP4534709086,51.778611,-1.3441075
1114,1114,296,W202,445400,209112,0,170,B,202,SP4540009112,51.77884,-1.343336
1115,1115,297,W203,445416,209158,0,230,B,203,SP4541609158,51.779253,-1.3430981
1116,1116,298,W204,445450,209189,0,95,B,204,SP4545009189,51.779529,-1.3426012
1117,1117,299,W205,445560,209188,0,185,B,205,SP4556009188,51.779511,-1.341007
1118,1118,300,W206,445587,209168,30,20,B,206,SP4558709168,51.779329,-1.3406183
1119,1119,301,W207,445625,209187,180,250,B,207,SP4562509187,51.779496,-1.340065
1120,1120,302,W208,445650,209240,30,330,B,208,SP4565009240,51.779971,-1.3396957
1121,1121,303,W209,445747,209275,0,85,B,209,SP4574709275,51.780278,-1.3382852
1122,1122,120,W21,446206,209540,230,85,G,21,SP4620609540,51.782622,-1.3315971
1123,1123,121,W210,445857,209270,0,150,B,210,SP4585709270,51.780224,-1.3366915
1124,1124,122,W211,445965,209258,0,270,B,211,SP4596509258,51.780107,-1.3351277
1125,1125,123,W22,446164,209459,0,260,G,22,SP4616409459,51.781898,-1.3322167
1126,1126,124,W23,446199,209476,0,0,G,23,SP4619909476,51.782048,-1.3317071
1127,1127,125,W24,446185,209411,60,60,G,24,SP4618509411,51.781464,-1.3319186
1128,1128,126,W25,446156,209367,0,90,G,25,SP4615609367,51.781071,-1.3323448
1129,1129,127,W26,446142,209343,230,350,G,26,SP4614209343,51.780857,-1.3325509
1130,1130,128,W27,446173,209316,0,60,G,27,SP4617309316,51.780611,-1.3321052
1131,1131,129,W28,446109,209246,30,350,G,28,SP4610909246,51.779987,-1.3330421
1132,1132,130,W29,446124,209222,0,345,G,29,SP4612409222,51.77977,-1.3328279
1133,1133,131,W3,446234,209165,200,15,G,3,SP4623409165,51.779249,-1.3312411
1134,1134,132,W31,446142,209425,0,230,G,31,SP4614209425,51.781594,-1.3325401
1135,1135,133,W32,446111,209456,0,140,G,32,SP4611109456,51.781875,-1.3329853
1136,1136,134,W33,446102,209512,90,170,G,33,SP4610209512,51.782379,-1.3331083
1137,1137,135,W34,446103,209397,0,0,G,34,SP4610309397,51.781345,-1.3331091
1138,1138,136,W35,446067,209409,0,30,G,35,SP4606709409,51.781456,-1.3336293
1139,1139,137,W36,446064,209375,0,0,G,36,SP4606409375,51.781151,-1.3336773
1140,1140,138,W37,446046,209354,0,330,G,37,SP4604609354,51.780963,-1.3339409
1141,1141,139,W38,446005,209357,0,90,G,38,SP4600509357,51.780994,-1.3345348
1142,1142,140,W39,445981,209387,0,105,G,39,SP4598109387,51.781265,-1.3348787
1143,1143,141,W40,446045,209414,230,185,G,40,SP4604509414,51.781503,-1.3339475
1144,1144,142,W41,446030,209445,0,240,G,41,SP4603009445,51.781783,-1.3341608
1145,1145,143,W42,445967,209347,0,210,G,42,SP4596709347,51.780907,-1.3350869
1146,1146,144,W43,445941,209363,60,95,G,43,SP4594109363,51.781053,-1.3354617
1147,1147,145,W44,446005,209289,0,180,G,44,SP4600509289,51.780382,-1.3345438
1148,1148,146,W45,446015,209236,90,55,G,45,SP4601509236,51.779905,-1.3344059
1149,1149,147,W46,446077,209205,180,210,G,46,SP4607709205,51.779621,-1.3335113
1150,1150,148,W47,446079,209310,30,290,G,47,SP4607909310,51.780565,-1.3334685
1151,1151,149,W49,446052,209278,0,135,G,49,SP4605209278,51.78028,-1.333864
1152,1152,150,W4A,446240,209196,200,30,G,0,SP4624009196,51.779527,-1.33115
1153,1153,151,W4B,446257,209229,200,140,G,0,SP4625709229,51.779822,-1.3308992
1154,1154,152,W5,446195,209188,0,7,G,5,SP4619509188,51.779459,-1.3318033
1155,1155,153,W50,445924,209324,0,300,G,50,SP4592409324,51.780704,-1.3357132
1156,1156,154,W51,445892,209414,350,160,G,51,SP4589209414,51.781515,-1.3361652
1157,1157,155,W51A,445876,209387,180,180,G,0,SP4587609387,51.781274,-1.3364007
1158,1158,156,W52,445820,209386,0,255,G,52,SP4582009386,51.78127,-1.3372125
1159,1159,157,W53,445780,209387,0,280,G,53,SP4578009387,51.781282,-1.3377921
1160,1160,158,W54,446073,209474,0,155,G,54,SP4607309474,51.78204,-1.3335337
1161,1161,159,W55,446057,209471,300,355,G,55,SP4605709471,51.782014,-1.333766
1162,1162,160,W56,445993,209439,0,0,G,56,SP4599309439,51.781732,-1.3346979
1163,1163,161,W57,445965,209416,0,85,G,57,SP4596509416,51.781527,-1.3351068
1164,1164,162,W58,445917,209426,0,170,G,58,SP4591709426,51.781621,-1.3358012
1165,1165,163,W59,445913,209354,0,205,G,59,SP4591309354,51.780974,-1.3358687
1166,1166,164,W6,446183,209157,0,0,G,6,SP4618309157,51.779181,-1.3319813
1167,1167,165,W60,445859,209422,0,95,G,60,SP4585909422,51.78159,-1.3366424
1168,1168,166,W61,445821,209426,230,180,G,61,SP4582109426,51.781629,-1.3371927
1169,1169,167,W62,445726,209378,0,160,G,62,SP4572609378,51.781205,-1.338576
1170,1170,304,W63,445695,209337,0,170,G,63,SP4569509337,51.780839,-1.3390307
1171,1171,305,W64,445682,209307,160,220,G,64,SP4568209307,51.780571,-1.3392231
1172,1172,306,W64A,445637,209271,30,355,G,0,SP4563709271,51.780251,-1.3398801
1173,1173,307,W64B,445719,209299,0,185,G,0,SP4571909299,51.780496,-1.3386879
1174,1174,308,W65,445642,209321,0,100,G,65,SP4564209321,51.7807,-1.339801
1175,1175,168,W66,445757,209362,0,5,G,66,SP4575709362,51.781059,-1.3381288
1176,1176,169,W67,445819,209352,0,95,G,67,SP4581909352,51.780964,-1.3372315
1177,1177,170,W68,445861,209328,0,355,G,68,SP4586109328,51.780745,-1.3366258
1178,1178,171,W69,445872,209244,0,50,G,69,SP4587209244,51.779989,-1.3364775
1179,1179,172,W7,446155,209194,0,180,G,7,SP4615509194,51.779516,-1.3323823
1180,1180,309,W71,445813,209237,0,210,G,71,SP4581309237,51.779931,-1.3373336
1181,1181,173,W72,445760,209328,100,170,G,72,SP4576009328,51.780753,-1.3380898
1182,1182,310,W73,445791,209254,60,315,G,73,SP4579109254,51.780085,-1.3376502
1183,1183,311,W74,445800,209212,100,165,G,74,SP4580009212,51.779707,-1.3375253
1184,1184,312,W75,445667,209165,340,75,G,75,SP4566709165,51.779295,-1.3394592
1185,1185,313,W75A,445751,209203,180,95,G,0,SP4575109203,51.77963,-1.3382367
1186,1186,314,W76,445644,209162,150,290,G,76,SP4564409162,51.77927,-1.3397929
1187,1187,315,W77,445609,209154,0,115,G,77,SP4560909154,51.779201,-1.3403012
1188,1188,316,W78,445685,209196,0,350,G,78,SP4568509196,51.779572,-1.3391942
1189,1189,317,W79,445684,209243,0,5,G,79,SP4568409243,51.779995,-1.3392025
1190,1190,174,W8,446167,209135,0,110,G,8,SP4616709135,51.778985,-1.3322162
1191,1191,318,W80,445704,209264,0,10,G,80,SP4570409264,51.780182,-1.3389099
1192,1192,319,W81,445606,209305,0,270,G,81,SP4560609305,51.780559,-1.3403249
1193,1193,320,W83,445607,209220,0,360,G,83,SP4560709220,51.779795,-1.3403216
1194,1194,321,W84,445572,209302,0,255,G,84,SP4557209302,51.780535,-1.3408181
1195,1195,322,W85,445566,209265,0,150,G,85,SP4556609265,51.780202,-1.34091
1196,1196,323,W87,445546,209293,0,285,G,87,SP4554609293,51.780456,-1.3411962
1197,1197,324,W89,445514,209278,0,230,G,89,SP4551409278,51.780324,-1.341662
1198,1198,175,W9,446181,209100,0,150,G,9,SP4618109100,51.778669,-1.3320179
1199,1199,325,W91,445496,209237,0,145,G,91,SP4549609237,51.779956,-1.3419282
1200,1200,326,W92,445495,209196,0,340,G,92,SP4549509196,51.779588,-1.3419481
1201,1201,327,W93,445509,209147,0,285,G,93,SP4550909147,51.779146,-1.3417516
1202,1202,328,W94,445546,209132,0,315,G,94,SP4554609132,51.779008,-1.3412172
1203,1203,329,W95,445509,209119,0,30,G,95,SP4550909119,51.778894,-1.3417552
1204,1204,330,W96,445493,209138,300,310,G,96,SP4549309138,51.779067,-1.3419846
1205,1205,331,W97,445487,209093,110,110,G,97,SP4548709093,51.778662,-1.3420775
1206,1206,332,W98,445459,209115,0,210,G,98,SP4545909115,51.778863,-1.3424804
1207,1207,333,W99,445380,209051,60,310,G,99,SP4538009051,51.778294,-1.3436338
1208,1208,334,W99A,445385,209014,0,320,G,0,SP4538509014,51.77796,-1.3435661
